,0,meta_label,ori_index
0,Th17,0,TCAGCTCAGCAGCGTA-3
1,Tfh,1,GTTAAGCAGTGTACCT-2
2,Th17,2,TGCACCTGTGTCAATC-3
3,Th2,3,AGCATACTCCAATGGT-1
4,Th2,4,CGGCTAGGTGTTGAGG-2
5,Th17,5,TACGGATGTCGAAAGC-3
6,Tfh,6,CTCTAATCAGCTGCTG-1
7,Th17,7,GATGAGGAGCTATGCT-3
8,Tfh,8,TTCTACAGTCATCCCT-1
9,Tfh,9,TGAGCCGTCATCGCTC-1
10,Tfh,10,CTCGAGGTCTACCAGA-1
11,Tfh,11,GATGAGGAGCAGGCTA-2
12,Tfh,12,TTCGGTCCAGGACGTA-1
13,Tfh,13,GAACCTAAGTAGATGT-1
14,Th17,14,GACGCGTAGATGGCGT-2
15,CD4Tn,15,CACCAGGCATCCCATC-2
16,CD4Tn,16,CACCTTGAGCTAGGCA-3
17,CD4Tn,17,CCCAATCAGTCGCCGT-2
18,CD4Tn,18,TCAATCTGTCCGAACC-2
19,Th17,19,AGCAGCCCAAGCTGGA-3
20,Tfh,20,TGGACGCCACTTCGAA-1
21,Th17,21,CGAGCACAGTCGAGTG-3
22,Th17,22,GTAACTGGTCCGAAGA-3
23,Th17,23,TGCTACCCACGGTTTA-3
24,CD4Tn,24,AGGTCCGGTCTCCCTA-2
25,Tfh,25,TTGCGTCTCCTTTCGG-3
26,Tfh,26,ATAAGAGTCTTACCTA-2
27,Th2,27,TAGGCATTCACGACTA-1
28,Th2,28,CAACTAGAGGACTGGT-1
29,Th2,29,TTCTACATCTTGCAAG-2
30,Tfh,30,AGGTCCGCACCGGAAA-1
31,Th17,31,AAAGCAAAGGAGTTGC-3
32,Tfh,32,ACGGGTCGTGATGATA-1
33,Tfh,33,TCTTCGGAGCGATAGC-2
34,Tfh,34,ATTCTACCACTGCCAG-1
35,CD4Tn,35,TGGGAAGTCAGCATGT-2
36,Th17,36,TTTATGCAGGGATCTG-3
37,Tfh,37,CACAGGCTCGAACGGA-2
38,CD4Tn,38,TTTGTCACACCGAAAG-2
39,CD4Tn,39,TCTCTAACAAACGCGA-1
40,CD4Tn,40,ACATGGTTCAGCTGGC-2
41,Th17,41,GTCTTCGCACCTTGTC-2
42,Th2,42,TAGTGGTCACACTGCG-2
43,Th2,43,GGGTCTGTCCCTCAGT-2
44,Th17,44,CGCGTTTTCCACGTGG-3
45,CD4Tn,45,ATCCGAAAGATCGATA-2
46,Th17,46,GACTAACCACTTACGA-3
47,Tfh,47,CGTGTAATCTTTCCTC-1
48,Tfh,48,TCAGATGAGAATAGGG-1
49,Tfh,49,AGCGGTCCACCAACCG-2
50,Tfh,50,ATTACTCGTAAATACG-2
51,Tfh,51,TGGCTGGCATCGGAAG-2
52,Tfh,52,CTGGTCTTCACTCTTA-2
53,Tfh,53,TTGGAACAGCTGCCCA-2
54,Th2,54,TCTGAGAGTGGACGAT-2
55,Th2,55,TGTGTTTAGCGCTCCA-2
56,Tfh,56,GAACATCCAAATTGCC-2
57,Tfh,57,AACCGCGCACCGGAAA-2
58,Tfh,58,TTTGCGCGTCGACTGC-1
59,CD4Tn,59,ATAGACCCAAGCTGTT-2
60,Th17,60,GACTAACGTTCGTCTC-3
61,Th17,61,TGCACCTTCGACGGAA-3
62,CD4Tn,62,CTCCTAGCAACACCTA-3
63,CD4Tn,63,GAACATCCAAATTGCC-1
64,CD4Tn,64,TCGAGGCGTGAAAGAG-1
65,Tfh,65,CGAATGTGTATATGGA-1
66,Tfh,66,GTCCTCAAGTGCCATT-2
67,Tfh,67,AGGTCCGAGACACGAC-2
68,CD4Tn,68,TCTTTCCCATGGTCTA-1
69,Th2,69,AGGGAGTTCGCACTCT-2
70,Tfh,70,CTACCCAAGTGTTGAA-1
71,Th2,71,TAAGTGCTCCGTCAAA-2
72,Tfh,72,ACGGAGACAAGAAAGG-2
73,CD4Tn,73,GTGCTTCTCAGTTTGG-2
74,Th17,74,GTGTTAGTCCCATTTA-3
75,Th17,75,ACGGCCAAGGTAGCCA-1
76,Tfh,76,TGGACGCGTTCGTTGA-2
77,Th17,77,CTAAGACTCTTCAACT-3
78,Tfh,78,TACTTGTCATTATCTC-2
79,Th17,79,ACTTTCATCTACGAGT-3
80,Th2,80,GTCGTAACAGCCAGAA-1
81,Tfh,81,ACCAGTAGTTATTCTC-1
82,Th2,82,ACGTCAATCACGCGGT-1
83,CD4Tn,83,CGTCACTTCTTAGAGC-1
84,CD4Tn,84,CGTTCTGGTATTCGTG-3
85,Tfh,85,CCGTACTAGCGCTCCA-1
86,Tfh,86,TGACTAGAGAGTCTGG-1
87,Th17,87,TGCACCTAGGAGTAGA-3
88,Th17,88,GCGAGAAAGAGCAATT-3
89,Th2,89,TTGACTTAGCTAGGCA-2
90,Th17,90,CACCAGGTCTGACCTC-3
91,Tfh,91,TGGCGCACAGGGTACA-2
92,Th17,92,CAAGAAAGTAAACCTC-3
93,Tfh,93,ATGCGATCATGACGGA-1
94,Th17,94,GAGGTGACAATGGACG-3
95,Th17,95,ACATCAGAGCGATAGC-3
96,Tfh,96,GAGGTGAGTTGGTAAA-1
97,Tfh,97,GATTCAGGTGTCAATC-2
98,Tfh,98,ATCTGCCTCACCACCT-1
99,Th2,99,CACACAATCTATGTGG-2
100,Tfh,100,TCGGGACGTGTCCTCT-1
101,Tfh,101,CCTAGCTCACCAGTTA-2
102,Th2,102,ATAACGCAGTTAGGTA-1
103,Th17,103,ACATACGTCACTCTTA-3
104,CD4Tn,104,GCATACAAGGGTCTCC-2
105,Tfh,105,CCTAAAGCAATGCCAT-1
106,CD4Tn,106,GCGAGAAGTGACTCAT-1
107,CD4Tn,107,TGACTAGAGGGTCGAT-3
108,Tfh,108,TGGCCAGAGGCTAGCA-1
109,Th2,109,GTTAAGCAGAACAATC-2
110,Tfh,110,TAGTGGTTCTGTCTCG-1
111,Th17,111,GTGTGCGTCCATGAGT-3
112,Th17,112,CTCGGAGCACTATCTT-3
113,Tfh,113,AACTTTCAGTACTTGC-1
114,Th2,114,TAGGCATTCTGGGCCA-2
115,CD4Tn,115,CATCGGGTCGCTGATA-1
116,CD4Tn,116,TGTCCCAAGGAGCGTT-2
117,CD4Tn,117,GGGAGATAGCTAGTTC-2
118,Th17,118,AACACGTGTTCCCGAG-3
119,Th2,119,GTCTCGTCACTGTTAG-2
120,CD4Tn,120,CCGTGGACAGGGTACA-2
121,Tfh,121,TCAGCTCCACATCTTT-1
122,Tfh,122,GACGGCTTCCACGTTC-1
123,Tfh,123,GTCCTCATCCTAGGGC-2
124,CD4Tn,124,AGTGAGGGTAGAGCTG-2
125,Tfh,125,AAACGGGCATACAGCT-1
126,CD4Tn,126,TCTCTAAAGTGCGATG-2
127,Tfh,127,GACGCGTGTACTCTCC-2
128,Th17,128,TTAACTCTCCTAGGGC-2
129,Th17,129,CGTGAGCAGACATAAC-3
130,Th2,130,CTAGAGTAGGAACTGC-1
131,Th2,131,CTGCGGAGTCTAGCCG-2
132,Tfh,132,GATGCTATCAGAGGTG-2
133,Th17,133,AAACCTGAGTGAACGC-3
134,CD4Tn,134,GCAAACTTCTCTTATG-2
135,Tfh,135,GCTCCTAGTCTAACGT-1
136,Th17,136,CTGGTCTCACAACGCC-3
137,Th17,137,CCAGCGAAGTGTGGCA-3
138,Tfh,138,ACGGGTCAGCCACGTC-1
139,Tfh,139,TACTCGCGTACGCTGC-2
140,CD4Tn,140,CCATTCGTCTAACCGA-1
141,CD4Tn,141,GTTACAGGTCGCATAT-1
142,CD4Tn,142,CTAGAGTAGGGAGTAA-1
143,Tfh,143,GATCGCGAGCGCTCCA-1
144,Th17,144,ACGGCCAAGTCTTGCA-3
145,CD4Tn,145,TTGACTTTCTTCTGGC-1
146,Tfh,146,CTGATCCGTATCAGTC-1
147,Tfh,147,AGGCCGTGTTATCACG-1
148,Tfh,148,CTGAAACAGAGAGCTC-1
149,Th2,149,ACTTACTAGGAATTAC-1
150,Tfh,150,ACGTCAAAGACTCGGA-1
151,CD4Tn,151,GACTGCGTCTCAAACG-3
152,Th17,152,TTTGCGCAGGAATGGA-3
153,Tfh,153,CTAGAGTCAACTGCGC-1
154,Tfh,154,AACTCAGCAGGAATCG-1
155,Tfh,155,TTTGGTTCATTCACTT-1
156,Tfh,156,CCTATTAAGTATTGGA-2
157,Tfh,157,AGTTGGTAGCTCTCGG-1
158,Th17,158,GAATAAGTCATGTAGC-3
159,Tfh,159,CTGAAACAGGGATCTG-1
160,Th2,160,TGACTAGGTTTAGGAA-2
161,CD4Tn,161,ACATACGGTCCTGCTT-2
162,Tfh,162,AGAGCGAAGTGCGTGA-3
163,Th2,163,TTCGGTCAGGAATCGC-1
164,Th2,164,TGACAACGTACTCGCG-2
165,Th2,165,ATAACGCCAGAGTGTG-2
166,Tfh,166,GAACCTAAGATATGGT-2
167,Tfh,167,TCCACACCAAATTGCC-1
168,Th2,168,CACTCCAGTCTGGAGA-1
169,Tfh,169,GAGCAGACATCCCACT-2
170,Th17,170,TTAGGACTCACGCGGT-3
171,Tfh,171,TTTATGCCAATAAGCA-2
172,Th17,172,GGGCACTCAAACCTAC-3
173,Th17,173,CTCGAGGTCTCGTTTA-3
174,Tfh,174,TACCTATAGGTGACCA-2
175,Th17,175,GCGGGTTAGCCATCGC-3
176,Tfh,176,TGGGCGTCAAGCGATG-3
177,Tfh,177,GAACGGACATCCTAGA-1
178,Th17,178,GTGCAGCTCTGTCTAT-3
179,Th17,179,GTTCGGGAGGCTAGGT-3
180,CD4Tn,180,GAATGAACATGCCTAA-2
181,Th17,181,CGTCACTTCAGCTTAG-3
182,CD4Tn,182,CGTGAGCCACACATGT-3
183,Tfh,183,GTGTTAGGTTGTTTGG-1
184,Th2,184,CTCGGAGCAGTAGAGC-2
185,Tfh,185,CGACCTTGTTGGAGGT-2
186,Tfh,186,CTGATAGGTCCCTTGT-2
187,Tfh,187,CCTACACCAGCGTTCG-1
188,Tfh,188,GTCGTAAGTTCCAACA-1
189,CD4Tn,189,CCATGTCCAAGCTGTT-2
190,Th2,190,CAGCAGCGTAACGCGA-1
191,Tfh,191,AAGGTTCCAGACAGGT-2
192,CD4Tn,192,TCATTTGTCTGGCGTG-2
193,Th17,193,GCGAGAACATACTACG-3
194,Tfh,194,TGCTGCTGTAGGGTAC-2
195,Th17,195,ACGCAGCAGTGGAGAA-3
196,Th17,196,TCTGGAACAAGCGAGT-3
197,Tfh,197,GCTGCAGCATGCATGT-1
198,Th17,198,TCTGGAAAGTCATGCT-3
199,Tfh,199,GACTAACCACTTAAGC-2
200,Tfh,200,CCGTACTCAGGGTATG-2
201,Tfh,201,GTAGGCCCACATAACC-2
202,Tfh,202,GTTAAGCAGCTAACTC-2
203,Th17,203,GACCTGGAGTAATCCC-3
204,Th17,204,GCCTCTACACACCGCA-3
205,CD4Tn,205,CTAGTGAAGTACGCGA-1
206,Th17,206,AGTGAGGCAAGCGATG-3
207,CD4Tn,207,GACCTGGGTAGTGAAT-2
208,Tfh,208,CTACACCTCTCATTCA-1
209,Tfh,209,CTCAGAAGTTGTTTGG-2
210,CD4Tn,210,TGCGCAGCACCTCGTT-2
211,Tfh,211,TTCTCCTGTACACCGC-1
212,Tfh,212,AAAGTAGGTGACAAAT-1
213,CD4Tn,213,GGGCATCAGTATTGGA-2
214,Th2,214,CCGTACTAGCCAGTAG-2
215,Tfh,215,AAAGTAGCATTCCTGC-1
216,Tfh,216,AGTTGGTGTTGCCTCT-3
217,Tfh,217,CACCACTCACTCGACG-2
218,Tfh,218,CATCGAACATAAAGGT-1
219,Tfh,219,CTGCCTAGTAAAGGAG-2
220,Tfh,220,ACACCAACACACTGCG-2
221,Tfh,221,GAAACTCGTCTGCCAG-1
222,Th2,222,GACTGCGCATCGGACC-2
223,CD4Tn,223,GACGTTATCCAATGGT-2
224,Th2,224,TCTTCGGTCTACTCAT-2
225,Th2,225,CATATGGAGATGTCGG-2
226,Tfh,226,TTTGCGCCATCAGTCA-2
227,Th17,227,GTGTGCGTCTAGCACA-3
228,CD4Tn,228,GGGTTGCGTCCCGACA-2
229,Th17,229,TAAGAGAGTGGGTCAA-3
230,CD4Tn,230,GTAACGTCAAAGGCGT-1
231,Th2,231,GTCACGGCAAACCTAC-2
232,CD4Tn,232,GTAGGCCTCACAGGCC-2
233,Tfh,233,CCATTCGTCATCGGAT-2
234,Th2,234,TCGCGTTGTAGCGATG-1
235,Tfh,235,TACCTATAGGTGCTTT-2
236,CD4Tn,236,CTGATCCGTTGGTTTG-2
237,Th2,237,GGTGTTAAGTCGAGTG-2
238,Tfh,238,TGAGCATTCCGTAGGC-2
239,Th17,239,CCTTCCCGTCATGCCG-3
240,Th2,240,GAATGAAAGAAACGAG-2
241,Tfh,241,GCGCGATAGTAAGTAC-1
242,Th2,242,CCTTACGCATGCTAGT-1
243,Tfh,243,GCCTCTAAGTTTAGGA-2
244,Tfh,244,GCGAGAAAGGATATAC-1
245,Th17,245,TATGCCCCAGGCTCAC-3
246,CD4Tn,246,AGCGTATCAAGAGGCT-3
247,Tfh,247,CGATGTATCTTGTACT-1
248,Tfh,248,GGCTCGATCTAACGGT-1
249,Tfh,249,CATATTCTCACATAGC-2
250,Th2,250,TACGGATCACAACGCC-1
251,Th17,251,TGTGGTAAGGTCGGAT-3
252,Tfh,252,AGATTGCGTTCGGCAC-2
253,Th17,253,TCATTACGTGAGGGAG-3
254,Th2,254,CACAGGCGTTGCGTTA-2
255,Tfh,255,CCATTCGTCCCAAGAT-3
256,CD4Tn,256,CGGAGTCAGCTGCGAA-2
257,CD4Tn,257,CCACCTATCACAAACC-2
258,CD4Tn,258,GCTGCGAGTAAGGATT-1
259,Th17,259,CTGGTCTCAACGATCT-1
260,Th2,260,CTAGCCTAGATGCCTT-1
261,Th17,261,ACGGGCTCAAGAAGAG-3
262,Th2,262,TGGCGCACACATTTCT-2
263,Tfh,263,CTGCCTAAGAATGTGT-1
264,Tfh,264,ATCGAGTAGCAATCTC-2
265,Th17,265,CGATCGGTCATCTGTT-1
266,Tfh,266,TTCTCCTAGATGAGAG-1
267,Th17,267,AGTTGGTGTCTTGTCC-3
268,Tfh,268,CGCTTCACACATGACT-1
269,CD4Tn,269,TATCAGGTCTGCAGTA-2
270,Th17,270,TCACGAATCAGTGCAT-3
271,CD4Tn,271,TAAGAGAAGTGAACGC-1
272,Th2,272,TCGTACCCATTCGACA-2
273,Th2,273,TCAGCAATCACGACTA-2
274,Tfh,274,GACCAATAGTGAAGAG-1
275,CD4Tn,275,ACTGAGTGTCGGCATC-2
276,Th2,276,ACACCCTCATCGACGC-1
277,Tfh,277,TGTTCCGGTTCTGTTT-2
278,Th2,278,CGAACATGTTAAGAAC-1
279,Tfh,279,CTCGGGAGTCCTCTTG-3
280,CD4Tn,280,ATGTGTGTCTTCAACT-3
281,Th2,281,CAGCGACTCTGCGTAA-2
282,Tfh,282,AGAGCTTCATAGGATA-1
283,Tfh,283,TGCCCTACATCAGTCA-2
284,CD4Tn,284,GTGGGTCAGAGTTGGC-1
285,Tfh,285,AATCGGTTCTGTCCGT-1
286,Tfh,286,CGGACACCATGGGAAC-1
287,Th17,287,TGTATTCGTTCTGAAC-3
288,CD4Tn,288,TCGGTAAGTGCGATAG-1
289,CD4Tn,289,GCGGGTTAGATCCCAT-2
290,CD4Tn,290,CAGAGAGGTCGGCACT-1
291,Th17,291,TCTCTAAAGGCATTGG-3
292,Th17,292,GCTCTGTAGTGTCCCG-3
293,Tfh,293,GGAACTTCACACCGCA-2
294,CD4Tn,294,CCTTACGAGCGATAGC-1
295,Th17,295,GCTCCTACAACCGCCA-3
296,Tfh,296,CTGCCTAAGTAGGTGC-1
297,Th17,297,CGCTATCCAGATGAGC-3
298,CD4Tn,298,GTATTCTAGTGAATTG-1
299,Th17,299,CGAGCCATCGAGAACG-3
300,Tfh,300,TAGTTGGGTAGCTAAA-3
301,Th2,301,GGGAGATTCCGAATGT-1
302,Tfh,302,TCATTTGTCGCCCTTA-1
303,Tfh,303,CATCGAATCAAGGTAA-2
304,Tfh,304,GTGTGCGAGTCCTCCT-2
305,Tfh,305,GGCCGATGTACCTACA-3
306,CD4Tn,306,GTGGGTCGTACAGACG-2
307,Tfh,307,GCGAGAATCCGCGGTA-1
308,Tfh,308,TCAGCAAGTCATGCAT-3
309,Tfh,309,GCAAACTCACTGCCAG-2
310,Th17,310,TTGGAACGTCTGCCAG-3
311,Tfh,311,GATCTAGCAAATTGCC-2
312,Tfh,312,CGAGAAGGTGCAACGA-1
313,Th17,313,GCTGCAGAGCTGAAAT-3
314,Th17,314,TGAGCATGTTGATTCG-3
315,Th2,315,CACACCTAGAGTAATC-1
316,CD4Tn,316,ACGATGTGTTTGGCGC-1
317,CD4Tn,317,GATGAGGCAACTGCTA-2
318,Tfh,318,AGGGAGTAGGTTACCT-1
319,CD4Tn,319,GGGTTGCAGGTAGCTG-3
320,Tfh,320,TGCGCAGTCAACACGT-2
321,Tfh,321,ACATACGAGTGAAGAG-3
322,Tfh,322,ATCGAGTGTGTTCGAT-1
323,Tfh,323,CTTGGCTAGTGCGTGA-2
324,CD4Tn,324,ACGGGCTCACCAACCG-3
325,Th17,325,TCACAAGGTCAGAAGC-3
326,Tfh,326,CCTATTATCAACGGCC-2
327,CD4Tn,327,ACGGGCTTCTGGCGTG-1
328,Tfh,328,ATTTCTGTCGTAGGTT-1
329,CD4Tn,329,GATGCTAAGAGGTACC-1
330,Th2,330,GGACAGACAGACGCTC-2
331,Th17,331,ACTGAGTGTCTAGCCG-3
332,Tfh,332,ATCCACCCATGAGCGA-2
333,CD4Tn,333,ATGAGGGGTGCACCAC-1
334,Tfh,334,GATTCAGAGTGGTAGC-1
335,CD4Tn,335,CTGCGGAAGAGGTACC-2
336,Tfh,336,CATCGAACAGGGATTG-2
337,Th17,337,TGAGCATTCTTACCGC-3
338,Tfh,338,CTCGGGATCATCACCC-1
339,Tfh,339,CCGGGATGTAGTACCT-1
340,CD4Tn,340,ATTCTACCATCGTCGG-3
341,CD4Tn,341,GTCTCGTAGAAGGTGA-1
342,Th17,342,CTGATCCGTCATATCG-3
343,Tfh,343,TCTTCGGGTAGCTTGT-1
344,CD4Tn,344,GCGACCAAGGGTTTCT-1
345,Tfh,345,TCTTTCCAGCCACGCT-1
346,Th17,346,CCTTCCCGTCAATGTC-3
347,Th2,347,CCAGCGATCCTTTCTC-2
348,Tfh,348,GCATGCGTCAAGATCC-2
349,Th2,349,GTCACGGTCTTGACGA-1
350,Tfh,350,ACGATACAGTACTTGC-2
351,Th2,351,TCTTTCCGTCCGAAGA-1
352,Tfh,352,CATCAAGTCCTCTAGC-2
353,Tfh,353,CACAAACAGGAGTTGC-2
354,Tfh,354,TTGACTTGTTGCCTCT-1
355,Tfh,355,CATCAGATCCTGTAGA-1
356,Tfh,356,TTATGCTAGGGATACC-2
357,Th2,357,CCTTACGCAAACCCAT-1
358,Th2,358,CAGCGACTCCCATTAT-1
359,Tfh,359,CGCGGTAAGAGCTTCT-2
360,Tfh,360,AAGGTTCTCTCCAGGG-1
361,Th17,361,CTAAGACTCGCCAAAT-3
362,Th17,362,CGATCGGGTGAAATCA-3
363,Tfh,363,GGCCGATCACCTCGTT-2
364,Th2,364,CTCACACTCCGAGCCA-1
365,Th17,365,TAGGCATCAATGGTCT-3
366,Tfh,366,CACACCTCAACACCTA-1
367,Th17,367,GATGAGGAGAGGTTAT-3
368,Tfh,368,CAACCTCCAAGCGAGT-1
369,CD4Tn,369,CGCTATCGTGGCAAAC-2
370,Tfh,370,CGATGTAAGAAACCGC-1
371,CD4Tn,371,TTAACTCAGCGACGTA-1
372,CD4Tn,372,CGAGCACGTACAGTTC-3
373,Tfh,373,CACTCCACATGTAAGA-2
374,Th17,374,ACGGGCTAGATCCCAT-2
375,Tfh,375,GTTCGGGAGGCAAAGA-3
376,Tfh,376,ATCTACTGTCGGCTCA-2
377,Th17,377,ACCCACTCAGCTGCTG-1
378,Tfh,378,CACCAGGTCACAACGT-1
379,Tfh,379,CTCGAAACACGTCTCT-2
380,Th2,380,TCGTACCTCCGGGTGT-2
381,Tfh,381,TATCAGGAGCTGAACG-1
382,Th17,382,TGGACGCCATCTCCCA-3
383,Tfh,383,AAAGATGGTGTGCCTG-2
384,Tfh,384,ACTATCTTCAAAGACA-2
385,Tfh,385,GCTGCAGAGATGTCGG-2
386,Tfh,386,AGGCCGTTCATTGCCC-2
387,Th2,387,TGTGGTACACAGACAG-1
388,CD4Tn,388,CTCACACGTTCAACCA-2
389,CD4Tn,389,TGCGGGTGTTTAAGCC-1
390,Tfh,390,GCCAAATAGTAGGCCA-2
391,Tfh,391,GGAATAACAGCATACT-2
392,Tfh,392,CCTATTACAAGTTAAG-2
393,CD4Tn,393,CACATTTAGAAACCGC-2
394,CD4Tn,394,CACCTTGAGCCCAACC-2
395,Th17,395,GACGTTATCTCCAGGG-3
396,CD4Tn,396,GGTATTGTCCGTCATC-1
397,CD4Tn,397,GAACATCAGTGAACGC-1
398,Tfh,398,TCGTACCTCGTTACGA-2
399,Tfh,399,TGGACGCGTGAGCGAT-2
400,Th17,400,TATTACCTCGGCGCAT-3
401,Th17,401,CATCAGAAGATGTGTA-3
402,CD4Tn,402,GGCAATTCATGCAATC-1
403,CD4Tn,403,AAAGATGGTCAACTGT-1
404,Th2,404,ACTGTCCAGATCTGCT-1
405,Tfh,405,ACCAGTAGTGCTGTAT-1
406,CD4Tn,406,ACACCGGGTACCCAAT-2
407,Tfh,407,CTCACACGTTCGGCAC-1
408,Th2,408,TTTGGTTAGAGCCCAA-2
409,Tfh,409,AACGTTGCACCAACCG-1
410,Tfh,410,TACAGTGCACCAGGTC-2
411,Th17,411,ACTATCTGTCATACTG-3
412,CD4Tn,412,AGGTCATGTGGCCCTA-3
413,CD4Tn,413,AAAGATGCAGTTCATG-1
414,CD4Tn,414,GGACGTCAGCTGTCTA-2
415,Th17,415,AGATCTGAGCTCCTTC-3
416,Tfh,416,CGTAGGCTCACTTATC-2
417,Th17,417,CAAGGCCGTCAAGCGA-3
418,Th17,418,TCGGTAAAGCCGCCTA-3
419,Tfh,419,ACTGCTCGTTTGTGTG-2
420,Th17,420,CATTCGCTCAGTACGT-3
421,Tfh,421,CAAGTTGGTACAAGTA-1
422,Tfh,422,CCAGCGAAGATCGATA-2
423,Tfh,423,GGCGTGTTCACCGTAA-2
424,Tfh,424,CCTTCGACAATGGAAT-1
425,Tfh,425,GGCGTGTTCCTTAATC-2
426,Th17,426,AATCGGTTCCTCGCAT-3
427,Tfh,427,ATGGGAGGTCAGGACA-1
428,CD4Tn,428,TAGCCGGCAGCTGCAC-1
429,Tfh,429,ACGAGGACAATACGCT-2
430,CD4Tn,430,CAGCTAACAAGTAGTA-3
431,Th17,431,GGCAATTGTGTGACCC-3
432,CD4Tn,432,GTGCATAAGGCAGTCA-2
433,Th2,433,TGGGCGTAGCAGGTCA-1
434,Tfh,434,TATTACCGTTTGCATG-1
435,Tfh,435,CTCGTACCAACTTGAC-2
436,Th17,436,TTTGTCACAAGGTTTC-3
437,Tfh,437,CCTTCGACATAGTAAG-2
438,Tfh,438,AGACGTTAGTCGAGTG-3
439,Tfh,439,CGGTTAATCATCGCTC-2
440,Th17,440,CAACCAAGTCCAGTGC-3
441,CD4Tn,441,GTGCATATCACCTCGT-3
442,Th17,442,ATTTCTGAGCCCGAAA-3
443,Th2,443,CCTACCAAGTCACGCC-2
444,Th2,444,GCCTCTATCTTCCTTC-1
445,CD4Tn,445,CTCGGAGTCCCAAGAT-1
446,Tfh,446,CGCTTCATCACAACGT-1
447,Th2,447,TGTGTTTGTGCACTTA-2
448,Tfh,448,GTGCTTCCAATAGCGG-1
449,Th17,449,GTATCTTCATCCGGGT-3
450,Th17,450,ACTGAGTAGAGGTTAT-3
451,Tfh,451,ACGGCCACAGGGTACA-2
452,Tfh,452,GCTGGGTGTCGCTTCT-1
453,Th2,453,TGGTTCCAGACAAGCC-2
454,Th17,454,GAAATGAGTCCTAGCG-3
455,CD4Tn,455,GTGCTTCTCGGATGTT-1
456,Tfh,456,GTGGGTCTCAGGTAAA-2
457,Tfh,457,CTGTGCTGTTAAGACA-2
458,CD4Tn,458,GTACGTAAGCATCATC-3
459,Tfh,459,CAGCTGGTCTTGAGAC-1
460,Tfh,460,TTGAACGTCGTAGATC-1
461,CD4Tn,461,TCGTAGAAGACATAAC-1
462,CD4Tn,462,ATCCGAAAGAGTTGGC-1
463,Tfh,463,ATCCGAACAGCTGTGC-2
464,Tfh,464,GCAGTTATCAGTCAGT-1
465,Th17,465,ACACCGGCAGGTGGAT-2
466,Tfh,466,GTACTTTCACGTTGGC-2
467,CD4Tn,467,CTGTGCTTCAATACCG-3
468,Tfh,468,GTGCATACAATAGCGG-2
469,Tfh,469,CACATAGTCGTACCGG-2
470,Th2,470,CAACTAGGTACCAGTT-1
471,Tfh,471,TCTTTCCCATCGATGT-3
472,Tfh,472,CCCAGTTGTTGCCTCT-1
473,Th17,473,GTTCATTTCGGAATCT-3
474,Tfh,474,CTCGTCATCACGATGT-2
475,Th17,475,CAACCTCAGGCAGTCA-3
476,Tfh,476,CAACCAAAGCACACAG-1
477,Tfh,477,CGTGAGCAGCGATATA-1
478,Tfh,478,CATTCGCCACTGTTAG-2
479,Th2,479,CTCGAAAGTTCCAACA-2
480,Tfh,480,ACGCAGCGTGTTGGGA-1
481,CD4Tn,481,AAACGGGAGTGAAGTT-3
482,Th17,482,GACAGAGTCCCTAATT-3
483,Tfh,483,GGAATAACATTGCGGC-1
484,CD4Tn,484,GTACTTTAGGACTGGT-2
485,Th17,485,CTCGAGGCAAGTTGTC-3
486,Tfh,486,GGAATAAAGGTGGGTT-3
487,Tfh,487,TACGGATAGGTGACCA-1
488,Tfh,488,CACACCTCAGGCAGTA-1
489,Th2,489,AAGGTTCAGGGAAACA-1
490,Tfh,490,CAAGTTGCAAAGTGCG-1
491,CD4Tn,491,AGAGCGATCCAATGGT-2
492,Tfh,492,CTAGCCTTCTCGTTTA-1
493,Tfh,493,CCTAGCTTCGACAGCC-2
494,Tfh,494,ACATACGCATTACGAC-2
495,Tfh,495,GCGAGAAGTCTTTCAT-2
496,Th17,496,CACATAGGTAGGCTGA-3
497,Tfh,497,GCTTCCACACTGAAGG-3
498,Th2,498,TAGACCAAGTGACTCT-1
499,Th17,499,ATCTACTCACCTCGGA-3
500,Th17,500,CCTATTAAGCTGTCTA-3
501,Tfh,501,TCTATTGCAAGCCGTC-2
502,CD4Tn,502,GCTTGAACAGGATCGA-2
503,Tfh,503,GCGAGAAAGGCTACGA-1
504,Th2,504,AGATTGCGTGAAAGAG-2
505,Tfh,505,TTCTACAGTTGGTGGA-2
506,Th17,506,GCGCAACGTAAGGGCT-3
507,Tfh,507,TGCTGCTCAATGGAAT-1
508,Th17,508,CAAGAAATCTGTGCAA-3
509,CD4Tn,509,AAGTCTGGTGTCGCTG-2
510,Tfh,510,TGCCCTATCCAAAGTC-2
511,Tfh,511,GGACATTCAGAAGCAC-2
512,Tfh,512,CTCACACCACCGGAAA-3
513,Tfh,513,TGACAACCATTGCGGC-1
514,Th17,514,GGGTTGCGTACTTCTT-3
515,Th17,515,CTACATTCATGCCTAA-3
516,Th17,516,ACACTGACATAAAGGT-3
517,Tfh,517,TGCTACCGTCTTGTCC-3
518,Th17,518,TACTTACGTTTGTTTC-3
519,Th2,519,AAGGTTCCAAGCGTAG-1
520,Th17,520,ACTATCTTCCGTAGTA-3
521,Tfh,521,TTTGTCAGTCCGTGAC-2
522,Th2,522,CCTCTGAGTCATTAGC-1
523,Tfh,523,TACACGATCCGCTGTT-1
524,Th17,524,GGTGTTAGTGTGAAAT-3
525,Tfh,525,CGGCTAGTCGTAGGAG-2
526,Th2,526,GGGTCTGTCACCGTAA-2
527,Tfh,527,CGTTCTGTCTCCTATA-2
528,Tfh,528,TGCGCAGAGTCCGTAT-1
529,Th17,529,GATGAAAAGTCGTTTG-3
530,Th17,530,GACTGCGTCACGACTA-3
531,Tfh,531,TACGGTACAGATCGGA-2
532,Tfh,532,AGCATACCATGCCTAA-1
533,Tfh,533,TCGTAGAGTTGATTCG-2
534,CD4Tn,534,CGTTGGGAGACTGTAA-2
535,CD4Tn,535,GTCGTAAGTGCTTCTC-2
536,Th2,536,AGAGCGAGTATTCGTG-2
537,Tfh,537,AGTCTTTAGGAACTGC-2
538,CD4Tn,538,CCTACACGTCGCGTGT-3
539,CD4Tn,539,CTCGTCACACAGGCCT-2
540,CD4Tn,540,CCTTTCTAGTACGACG-1
541,Th17,541,CGCGTTTAGCAGCCTC-3
542,Tfh,542,TATTACCCACAGACAG-2
543,Tfh,543,GGGACCTAGGCCATAG-2
544,Th17,544,CCATGTCAGCACACAG-3
545,Tfh,545,TGGCTGGGTCTTGCGG-1
546,Tfh,546,GTCATTTTCTATCGCC-3
547,Tfh,547,ATGAGGGTCACCCTCA-2
548,Th17,548,CTCGTCAAGGGCTTCC-3
549,Th17,549,TTTACTGCAACACCTA-3
550,Th2,550,AAGACCTCAAACAACA-2
551,Tfh,551,TCTGAGACAATTCCTT-1
552,Tfh,552,GATGAGGAGGACCACA-1
553,CD4Tn,553,GGCCGATCAGTAAGAT-3
554,Th17,554,ATTCTACTCGCATGGC-3
555,Tfh,555,CACCTTGAGCTTTGGT-1
556,Th2,556,CTCATTACATGGTCTA-1
557,CD4Tn,557,ACGTCAACAGTCCTTC-1
558,CD4Tn,558,GTGAAGGGTGACAAAT-1
559,Th17,559,CCTATTAGTCGTTGTA-3
560,Th2,560,TGAGAGGAGGAGTAGA-2
561,Tfh,561,CAGAGAGTCGTCACGG-1
562,Tfh,562,CGCTTCACACCCTATC-2
563,Th17,563,AAGACCTCAACCGCCA-3
564,Tfh,564,CGTAGGCGTCAGATAA-1
565,Th17,565,ACAGCTATCCGTTGCT-3
566,Tfh,566,ACATCAGCATTTCACT-1
567,Th2,567,ACAGCTAGTAGGGACT-2
568,Th17,568,CGAGCACGTATCTGCA-3
569,Tfh,569,CAACTAGTCTACCTGC-1
570,Th17,570,AAGTCTGGTTAGTGGG-3
571,Th17,571,AGTCTTTAGCCCAACC-3
572,CD4Tn,572,GCTTCCATCGTAGATC-3
573,Tfh,573,GCACATATCAGAGCTT-2
574,Th2,574,GGATTACTCTGAAAGA-2
575,Tfh,575,CACATAGTCGCTTGTC-1
576,Tfh,576,TCCACACCATGAACCT-2
577,CD4Tn,577,CGTCAGGTCCCTAACC-2
578,Th17,578,TAGAGCTCACCGATAT-3
579,CD4Tn,579,CCAATCCCAGATCGGA-1
580,Tfh,580,GACACGCCAGGTGGAT-2
581,CD4Tn,581,ACGGCCATCAGCTCGG-3
582,Tfh,582,ATAACGCTCTAACTCT-1
583,Th17,583,AGGCCACGTGAGGCTA-3
584,Th2,584,ACCCACTTCGAATGGG-1
585,CD4Tn,585,ACGGGCTTCTTGAGAC-3
586,Tfh,586,GGACAGACACGCATCG-2
587,Th2,587,GGCGACTCAATCCAAC-1
588,Tfh,588,CACCAGGCACGGCTAC-1
589,Th2,589,GGGACCTTCCAAATGC-1
590,CD4Tn,590,TCTATTGTCTATCCTA-3
591,Tfh,591,GCATGATCATCTGGTA-2
592,Tfh,592,CACACTCCAATAGCAA-3
593,Tfh,593,AAGCCGCTCCCTTGCA-1
594,Th17,594,ACCGTAATCAAGAAGT-2
595,CD4Tn,595,AGCTCCTAGCGATCCC-1
596,Tfh,596,GAGTCCGGTCATATGC-2
597,Tfh,597,CGGACTGTCCAAACTG-1
598,Tfh,598,GTACGTAGTACCGGCT-2
599,Tfh,599,CGAGCACTCCAAATGC-1
600,Th17,600,TGACTAGGTCCGTTAA-3
601,Th2,601,CTCGAGGCATCACGTA-1
602,Tfh,602,TACGGGCTCCTTTCTC-2
603,Th17,603,ATGAGGGGTCAACATC-3
604,Th2,604,CACAGGCGTTGTGGCC-2
605,CD4Tn,605,GCCTCTAGTGTGGCTC-3
606,Th2,606,CATCGAACATGCCTAA-1
607,CD4Tn,607,CATCAAGAGACTAGGC-2
608,Th17,608,TGAGAGGGTGTGGCTC-3
609,Tfh,609,CAGCATATCTTTCCTC-2
610,Tfh,610,TTTGTCAGTCCCTACT-2
611,Th17,611,AACTCAGGTTCCACTC-3
612,Th17,612,TACGGGCCAAGACACG-3
613,Tfh,613,TCACAAGTCCTGTAGA-2
614,Th17,614,ACGGCCAGTAAGAGAG-3
615,Tfh,615,GCATGTACACCATCCT-1
616,Tfh,616,ATTATCCCATGGATGG-1
617,Th17,617,GGTGCGTCAAGTACCT-3
618,Tfh,618,GACTAACGTACTCAAC-1
619,Th2,619,GGATGTTAGTAGCGGT-2
620,Th2,620,CACACTCCAGCATACT-1
621,Tfh,621,GAAATGACATAGTAAG-1
622,Tfh,622,TGACGGCAGCTGGAAC-2
623,Tfh,623,TTTGTCATCAGATAAG-2
624,Th2,624,TGGTTAGTCCCGACTT-2
625,Tfh,625,CAAGTTGAGTAACCCT-1
626,Th2,626,CACATTTCACCCATTC-1
627,Th17,627,CCAGCGACATCTACGA-3
628,Th2,628,TGACGGCCACCAACCG-2
629,CD4Tn,629,ACACCAAAGCCACTAT-1
630,Th17,630,TCTTCGGAGCTAAACA-3
631,Th2,631,CGGTTAAAGCCAACAG-1
632,Tfh,632,TGAGAGGGTTTGTTGG-2
633,Tfh,633,GAAGCAGTCCTAGTGA-1
634,Tfh,634,TCAACGAGTGAGTGAC-1
635,Th17,635,CATCGGGTCACCCTCA-3
636,Th17,636,CAGCTAAAGGCCCTTG-3
637,Th17,637,CATCAGAAGATGCCAG-3
638,Tfh,638,CAACTAGAGAATAGGG-2
639,Th2,639,CGAGAAGGTAAACCTC-1
640,Th2,640,AGTTGGTAGTGGACGT-1
641,Tfh,641,GGGATGAGTGCCTGTG-2
642,Tfh,642,GCACTCTAGTACGATA-2
643,Th17,643,GAGTCCGGTAAACACA-3
644,CD4Tn,644,GAAATGATCACTCCTG-3
645,Th17,645,TACTTACAGACAAGCC-3
646,Tfh,646,GCATGTAGTAACGTTC-2
647,Tfh,647,CAACCTCCATGGTCAT-1
648,Th2,648,ACTGTCCAGTGCCAGA-1
649,Tfh,649,GAAATGACACAGACTT-1
650,CD4Tn,650,CTGATAGCAATCGAAA-3
651,Th17,651,TGCCCTAGTTGCGCAC-2
652,CD4Tn,652,TAAGAGAGTCGTGGCT-3
653,Th2,653,GCTCCTAAGACTAAGT-1
654,Tfh,654,TTAGTTCAGGATATAC-1
655,Tfh,655,CCAATCCAGATGCCAG-1
656,Th2,656,CTGCGGATCGCGTAGC-1
657,Tfh,657,ACGCCGATCGTTACGA-2
658,Tfh,658,CCTTCCCAGCTGCAAG-2
659,Tfh,659,CCTACACCACGTGAGA-2
660,CD4Tn,660,TCGCGAGGTCCTCTTG-2
661,Th17,661,ATTGGACCATCTCGCT-3
662,Tfh,662,GGTGAAGCAATCACAC-1
663,CD4Tn,663,ACGCCGAGTTGAACTC-3
664,CD4Tn,664,TTCGGTCCAATGAATG-2
665,Tfh,665,GGGTCTGGTACTCTCC-1
666,Tfh,666,GCGCCAAAGGTAGCTG-1
667,CD4Tn,667,TCTCATATCGCAAGCC-2
668,Tfh,668,CTGCCTACAAGTCTAC-2
669,Th2,669,GTCCTCACAGTTCCCT-2
670,Tfh,670,GGCAATTCACGCTTTC-1
671,Th2,671,AGGCCGTCAAGCGATG-2
672,Th17,672,CGTGAGCTCGGCGCTA-3
673,Th17,673,AGATCTGTCTCTGCTG-3
674,CD4Tn,674,GTTACAGAGACAAGCC-3
675,Tfh,675,AGAGCTTGTGTAACGG-2
676,Tfh,676,AGGTCATAGCACCGCT-2
677,Th17,677,GCCTCTATCACATGCA-3
678,Th2,678,CATGACACAGATCCAT-1
679,Tfh,679,GCTTGAATCTGCTTGC-2
680,Tfh,680,AAGGCAGTCACCTTAT-2
681,Tfh,681,CGAGAAGTCGGTTAAC-2
682,CD4Tn,682,CACAAACCAAGTCTGT-2
683,Th17,683,CACATAGGTACAGTGG-3
684,Tfh,684,ATTACTCTCGCCTGAG-3
685,Th2,685,GATGAAATCAAAGTAG-2
686,Th2,686,ACCAGTATCTTGAGAC-2
687,Tfh,687,GATGAGGAGGTCATCT-2
688,Tfh,688,CGAGCCATCTATCCCG-2
689,CD4Tn,689,AGACGTTCAGACGCTC-1
690,Th2,690,ACCGTAAAGAATTGTG-2
691,CD4Tn,691,ACTGTCCTCCAAACAC-1
692,Th17,692,TGACTAGCACAGAGGT-3
693,Tfh,693,CCGTGGATCGTTGCCT-1
694,Tfh,694,ACAGCTATCACATAGC-2
695,Th2,695,GGGAATGTCCCTTGTG-2
696,CD4Tn,696,GTTACAGCAGGGATTG-1
697,Tfh,697,CCATGTCCAAGCGATG-2
698,Th2,698,CGGAGTCGTAGAGTGC-1
699,Th17,699,TGCGCAGGTCCGCTGA-3
700,Tfh,700,CTACGTCAGCGAAGGG-1
701,Th2,701,GTACTCCCATGCTAGT-1
702,Th17,702,ATTCTACGTTCATGGT-3
703,Th2,703,ACGGGTCTCTCGCATC-2
704,Th17,704,TGTCCCATCACCTCGT-3
705,Th17,705,TAGTTGGCAGGCAGTA-1
706,Th17,706,GTAACGTCATGTTCCC-3
707,CD4Tn,707,AGCGTATAGCAATCTC-3
708,Th2,708,CACACAATCGGAAACG-1
709,CD4Tn,709,GGACATTGTAAATGAC-3
710,Th17,710,GTAACGTTCAACGCTA-3
711,Tfh,711,GACGCGTTCTTAACCT-2
712,CD4Tn,712,CGTAGGCTCGCCATAA-2
713,Th2,713,CCTACACCACCTGGTG-2
714,Th2,714,TCGCGAGTCTGATTCT-2
715,Th17,715,GGGACCTAGGGCTTGA-3
716,Tfh,716,AAGGAGCAGCAAATCA-2
717,CD4Tn,717,TATTACCAGAGGGATA-3
718,Th2,718,TCGGTAAGTCATATGC-1
719,Th17,719,CGTCACTAGCAGGCTA-3
720,Th17,720,GGGACCTAGTTAACGA-3
721,Tfh,721,ACCTTTACAAACCCAT-2
722,Th17,722,GTACGTAAGCTCCTTC-3
723,CD4Tn,723,GAACATCTCCCTTGTG-2
724,Th17,724,ACGTCAACACAGGCCT-3
725,Th2,725,GGGATGATCAGGCCCA-2
726,Th2,726,GGATTACCAGGGTTAG-1
727,Tfh,727,TAAGAGAGTGTTCTTT-2
728,Th17,728,ACGAGCCCATGTTGAC-3
729,Th2,729,ACACTGACAGCCACCA-2
730,Tfh,730,GGATTACCAGGGCATA-1
731,Tfh,731,ATCGAGTCAGCTATTG-1
732,Tfh,732,GATGAAATCAGTGTTG-2
733,Th17,733,GAGTCCGGTTCAGCGC-3
734,CD4Tn,734,CAAGATCCACCATCCT-1
735,Tfh,735,CGTGTAACAATCCGAT-2
736,Tfh,736,CAGAGAGGTTACAGAA-1
737,Tfh,737,CAGCTGGAGGCAATTA-1
738,Th17,738,GTCACAAGTATGCTTG-3
739,Tfh,739,TTTGTCAGTGCGCTTG-2
740,Tfh,740,TTCGAAGGTTCCGTCT-2
741,Th2,741,ACTTTCACAGGACGTA-2
742,CD4Tn,742,GCCTCTATCCGTCAAA-1
743,Tfh,743,GGCGTGTGTTAAGTAG-1
744,CD4Tn,744,AGCAGCCCAGCCACCA-2
745,Th17,745,CACTCCATCGCCTGTT-3
746,Th17,746,AATCCAGGTCGCTTCT-3
747,Tfh,747,CGTGAGCTCCTAGAAC-3
748,Tfh,748,GATGCTATCACATAGC-2
749,CD4Tn,749,CTCGTCAAGATCACGG-2
750,Tfh,750,AAACGGGCAGCTTAAC-1
751,Th2,751,ATCATCTTCGAATCCA-1
752,Tfh,752,TGAGCCGGTGCCTGTG-1
753,CD4Tn,753,AGATCTGAGGTGGGTT-2
754,Th2,754,CTCTGGTGTGTAAGTA-1
755,CD4Tn,755,GACGTTAAGGTGCACA-2
756,Th17,756,AACTCAGCAGGTGGAT-3
757,Th2,757,CATATTCTCTAACCGA-1
758,Th17,758,GACGCGTTCCTTAATC-3
759,Tfh,759,GCTCTGTAGGACATTA-2
760,Tfh,760,CTCGTACAGGCTACGA-3
761,CD4Tn,761,ACTGAACGTTCCATGA-2
762,Tfh,762,TTGCCGTAGCGACGTA-1
763,Tfh,763,CCGGTAGTCCTTGGTC-1
764,Tfh,764,CAGCTAACAGCCAATT-2
765,Th17,765,CGTGAGCAGTTGAGTA-3
766,Tfh,766,CACACTCAGGGAAACA-2
767,CD4Tn,767,GGCCGATAGAGTGAGA-3
768,Th17,768,CGGCTAGCAGGGCATA-3
769,CD4Tn,769,GTTCTCGTCCATGCTC-1
770,Tfh,770,GAGCAGACATGACATC-2
771,Th2,771,TTGGAACTCCACGACG-1
772,Th2,772,GATGAGGCATTACGAC-1
773,Tfh,773,ATCTACTCAAATACAG-2
774,Tfh,774,GATCGCGTCTGCTTGC-1
775,Tfh,775,CTAGAGTGTCATATGC-2
776,Tfh,776,CGAACATCACGAGGTA-2
777,CD4Tn,777,GTTACAGTCAAACAAG-2
778,Th17,778,TGGGAAGGTATATGGA-3
779,Tfh,779,GGTGTTACAACGCACC-2
780,Th2,780,CGGGTCAAGCACAGGT-1
781,Th17,781,CTGTGCTGTGGTACAG-3
782,Tfh,782,CACACCTCAAAGCGGT-1
783,Tfh,783,GCATACATCGGTCTAA-2
784,Th2,784,TTCTCCTGTGCAGTAG-2
785,Th17,785,GTCACGGAGCGCTCCA-3
786,Tfh,786,AACTCTTCAATGGATA-1
787,Tfh,787,CCCTCCTAGAGTGACC-1
788,Th17,788,TTCTTAGTCACCAGGC-3
789,Tfh,789,TAGAGCTCACATTAGC-1
790,CD4Tn,790,ATAACGCGTGCCTGCA-1
791,Tfh,791,TACAGTGGTCAACTGT-1
792,Tfh,792,GGGATGACAATCCGAT-1
793,Tfh,793,GCTGGGTCAGTTAACC-2
794,Th2,794,CGTAGCGTCGTCTGAA-1
795,Tfh,795,GGGACCTGTGTGCCTG-2
796,Th17,796,CAACCTCAGATCGGGT-3
797,Tfh,797,ACAGCTACATGAACCT-1
798,Tfh,798,GATGCTACAAGTCTGT-2
799,Th2,799,AGATTGCGTGATGTGG-2
800,Tfh,800,GCTGCAGTCTGTCTAT-1
801,CD4Tn,801,ATCGAGTCAATGGTCT-1
802,CD4Tn,802,GTGTTAGGTCATATCG-1
803,Th17,803,CAGTCCTAGAAACCAT-3
804,Tfh,804,GCACTCTAGCGTGAAC-3
805,Th17,805,TTCTCCTCAGCGTCCA-3
806,Th2,806,GAGCAGATCATTATCC-2
807,Th2,807,ACCTTTATCCGCAGTG-1
808,CD4Tn,808,GTCGTAAGTAAGTTCC-2
809,CD4Tn,809,AAGCCGCGTCTGCGGT-1
810,CD4Tn,810,ACTTTCATCTGCAAGT-1
811,Tfh,811,TGGTTAGAGCCCAACC-2
812,CD4Tn,812,AGGTCCGAGTGATCGG-2
813,Tfh,813,CTGTTTATCTCAAGTG-3
814,Th2,814,TCAGATGCATATACGC-1
815,CD4Tn,815,CCTAGCTGTTTAGGAA-2
816,CD4Tn,816,TTCGAAGTCCATTCTA-1
817,CD4Tn,817,TCATTACGTCTCTTAT-3
818,Tfh,818,ACTGCTCGTCTCCATC-1
819,Th2,819,GTTTCTAAGACTTGAA-1
820,CD4Tn,820,CACACAATCATAGCAC-1
821,Tfh,821,GACGGCTTCTGGTGTA-1
822,Th17,822,AGAATAGAGTGTACGG-3
823,Tfh,823,ACGCCGAAGCTAGTGG-1
824,Th2,824,AACTCCCTCAAGATCC-1
825,Tfh,825,CTTAACTTCAACACTG-2
826,Tfh,826,GTAACGTCAAGGTTCT-3
827,CD4Tn,827,CGAGCACTCGTCGTTC-3
828,Tfh,828,ACGCCGAGTTACCGAT-2
829,Tfh,829,CTGCTGTCACCGATAT-3
830,CD4Tn,830,CACAGGCAGTGTCCAT-1
831,Tfh,831,ATGCGATTCGTCACGG-3
832,Th2,832,CTAGCCTGTGTGAAAT-1
833,Tfh,833,TCTGAGAGTACAGACG-2
834,Tfh,834,ACTTTCAGTCAACATC-1
835,Th2,835,GTTTCTAGTTCCATGA-2
836,Tfh,836,GTATTCTGTAGGGTAC-1
837,Th17,837,GCAATCACAGCTGTAT-3
838,CD4Tn,838,CTGCGGAAGCCAGTTT-2
839,Tfh,839,TTGAACGCATCGGTTA-2
840,Th17,840,CTCGGGAAGGCTAGAC-3
841,CD4Tn,841,AGTTGGTGTCATGCCG-1
842,Th2,842,GAGCAGACACCAACCG-2
843,Tfh,843,TAGACCAGTTCTGTTT-2
844,Tfh,844,ATTGGACCATCTATGG-1
845,CD4Tn,845,CGTGAGCGTATTACCG-2
846,Tfh,846,ATTTCTGCAAAGGCGT-3
847,Tfh,847,TTCTTAGGTGAGTGAC-1
848,Tfh,848,TGTGGTAGTCCTCTTG-1
849,Th2,849,TTAGGACAGAGTACAT-1
850,Th17,850,CTCTACGGTTCGTCTC-3
851,Tfh,851,CAGCGACTCAGTTGAC-1
852,Tfh,852,CAACTAGCAAACGCGA-2
853,Th2,853,GTCGGGTTCCACGTTC-2
854,Th2,854,ACGATACTCAAGGTAA-1
855,CD4Tn,855,GAATGAACAGTTTACG-2
856,Tfh,856,CCGGTAGAGCCCAATT-2
857,Tfh,857,GACGTGCAGAATCTCC-2
858,CD4Tn,858,GCATGTACAGGTCTCG-1
859,Tfh,859,AGTAGTCGTAAATGAC-2
860,CD4Tn,860,TCGAGGCTCGGCGGTT-1
861,CD4Tn,861,CACAAACTCTGTGCAA-1
862,CD4Tn,862,GTACTTTCAATTGCTG-3
863,Tfh,863,CCTTTCTGTCTACCTC-1
864,Th2,864,GCAGTTAAGAGACTTA-1
865,Th2,865,TTGTAGGAGGTGCACA-1
866,Th2,866,TCAGCAAAGTTGCAGG-1
867,Tfh,867,ACTATCTAGCGCTTAT-3
868,Tfh,868,GTGAAGGAGCTGCGAA-3
869,Th17,869,AGCGTCGTCTTGACGA-1
870,Th2,870,GAAACTCCAAGAAGAG-1
871,CD4Tn,871,ATCCACCAGAGCTGCA-3
872,Th2,872,CCACGGACAGCTCGCA-2
873,Th17,873,TAGTTGGAGACCACGA-3
874,Tfh,874,GACCAATCAAATACAG-1
875,Th2,875,AACTCTTAGACCGGAT-2
876,CD4Tn,876,CTCATTAAGACTAGAT-1
877,Th2,877,GACTAACCAGTTTACG-2
878,Th17,878,GGGCATCTCACGAAGG-3
879,Tfh,879,CGGGTCAGTTTCCACC-1
880,Tfh,880,AGCGTCGAGTGTACTC-1
881,Tfh,881,CGACTTCCATGCAATC-2
882,Th2,882,GATCGATGTGTCTGAT-2
883,CD4Tn,883,TTGCGTCCACATCTTT-2
884,Tfh,884,CATCAGAGTCGCGTGT-2
885,Tfh,885,AACTCTTAGTGACATA-2
886,Th17,886,CTTCTCTCAGGCTGAA-1
887,Tfh,887,TCAGCTCTCCACTGGG-2
888,Tfh,888,CGTGAGCTCGGATGTT-1
889,Th17,889,CGCTGGAAGAAACGCC-3
890,Th17,890,CAACCAATCTAACGGT-3
891,Th17,891,GCATGTATCACCTCGT-3
892,Th2,892,TAGGCATGTTCGCTAA-1
893,Tfh,893,AAAGATGCACATCTTT-1
894,Tfh,894,GCCAAATGTCTCTTTA-2
895,CD4Tn,895,TGAGCATCATGGTTGT-2
896,Tfh,896,CCTTACGTCGATAGAA-2
897,Th17,897,TAGTTGGAGTCCAGGA-3
898,CD4Tn,898,AGCTCTCAGGATTCGG-2
899,Tfh,899,GACGGCTGTGTCCTCT-1
900,Tfh,900,CTGCCTAAGTTTCCTT-2
901,Tfh,901,AGGGTGAAGAGCTATA-1
