,0,meta_label,ori_index
0,Th17,0,CACACAAGTGCAACTT-3
1,CD4Tn,1,TGGTTAGTCACCGTAA-2
2,Tfh,2,CGGACGTAGGCCCTTG-2
3,Th2,3,GGACAAGCATGCGCAC-1
4,Tfh,4,CATATGGAGAGATGAG-1
5,Tfh,5,AGATTGCCAGATCGGA-1
6,Th17,6,AACTCTTAGCCACCTG-3
7,Th17,7,TGTGGTACAAACCTAC-3
8,Th17,8,TTTGCGCAGAGGTAGA-3
9,Th2,9,TGGCGCACACGTAAGG-2
10,CD4Tn,10,CAGAATCGTACTTCTT-1
11,CD4Tn,11,CTGATCCGTGCACCAC-3
12,CD4Tn,12,GTACTTTCAAACGTGG-2
13,Tfh,13,AAAGTAGGTCTGATTG-2
14,Tfh,14,AATCGGTTCCGCGGTA-2
15,Tfh,15,CAGGTGCGTTCAGGCC-2
16,Tfh,16,TTCCCAGCAGAAGCAC-1
17,Tfh,17,ACCAGTAAGCCAGGAT-1
18,Tfh,18,GACCAATGTGACTCAT-2
19,CD4Tn,19,GATGAGGTCCGCGGTA-2
20,Th17,20,CGCCAAGCACAGAGGT-3
21,Tfh,21,TGCACCTAGCTCAACT-1
22,Tfh,22,TGAGCATGTACATCCA-1
23,Tfh,23,GATTCAGGTGGTCCGT-1
24,Tfh,24,GATTCAGTCTTTAGTC-1
25,Tfh,25,TGAAAGAGTTGTTTGG-2
26,Th2,26,GTCCTCACATTCTCAT-1
27,Tfh,27,GTTCGGGGTACGACCC-1
28,CD4Tn,28,GCTCTGTAGCTGTTCA-1
29,Th17,29,TTCGAAGCAGCAGTTT-2
30,Tfh,30,GTTTCTAGTTCCAACA-1
31,Th17,31,AGATCTGGTAAAGTCA-3
32,CD4Tn,32,GTGGGTCGTAACGTTC-2
33,Tfh,33,TCAACGAAGAAACCAT-2
34,CD4Tn,34,CAGCATATCACTCTTA-2
35,Tfh,35,GTCAAGTCACCATGTA-3
36,Tfh,36,AGGTCCGGTAGCCTCG-2
37,Tfh,37,ACACTGAAGACAGACC-2
38,Tfh,38,ACGAGCCCAACACGCC-2
39,Th17,39,ACGCCGAAGCAGCCTC-3
40,CD4Tn,40,GTTAAGCGTCCGAACC-2
41,Tfh,41,TGGGAAGAGTGAACAT-2
42,Tfh,42,AGCTCTCAGAATTGTG-1
43,Tfh,43,GCGCAGTGTAACGCGA-1
44,Tfh,44,AGCTTGACAATTGCTG-2
45,Tfh,45,CGCGGTATCTCTGAGA-1
46,Tfh,46,TACTTGTCATAAAGGT-1
47,CD4Tn,47,GATGAGGAGCGATGAC-2
48,Th17,48,TCAGGTATCTCGCTTG-3
49,Tfh,49,TGGTTAGAGCTGTTCA-1
50,Tfh,50,CCTATTACACAACGTT-1
51,Tfh,51,CGCGGTAGTTCACCTC-2
52,Th17,52,CACATTTTCGAACTGT-3
53,Tfh,53,GCAGTTAAGTGGCACA-1
54,Tfh,54,AGCGTCGTCGTAGATC-1
55,Tfh,55,TATCAGGCAATCTGCA-1
56,Tfh,56,ACGAGCCTCAGTCCCT-1
57,Th17,57,TGACAACGTCAATGTC-3
58,Tfh,58,GACGTGCGTGAGGGAG-1
59,Tfh,59,CTGAAGTCAAGCTGTT-1
60,Th17,60,ACACCCTCACGGTAAG-3
61,Th17,61,ACTGAACTCGCAAGCC-1
62,Tfh,62,TGTATTCCATGTTCCC-1
63,CD4Tn,63,ATCCGAAGTGACGCCT-2
64,Tfh,64,CCTCTGAGTTGACGTT-2
65,Th2,65,CGTTCTGCACATCCAA-1
66,CD4Tn,66,CTACACCAGAGCTGCA-3
67,Tfh,67,ACGGGTCTCAACACTG-1
68,Tfh,68,ATCCACCAGGAATCGC-1
69,CD4Tn,69,TGCGTGGGTCAGAATA-3
70,Tfh,70,CGATTGACACAGACAG-1
71,Tfh,71,AGAATAGCATCGATGT-2
72,Tfh,72,TCGGGACCAAAGCGGT-1
73,CD4Tn,73,TTCGGTCGTGAACCTT-2
74,Tfh,74,TTCTACAGTCAACATC-1
75,Tfh,75,GCAAACTAGCTAGGCA-2
76,Tfh,76,CTCGGGATCCCTAACC-1
77,Th17,77,TAAACCGGTGCCTTGG-3
78,Tfh,78,CCATGTCTCACAAACC-2
79,Tfh,79,TCAGCAAGTCGTGGCT-3
80,Th17,80,TTGGCAACAAGTCATC-3
81,Th2,81,CGTCTACGTGGGTCAA-2
82,Tfh,82,AAGCCGCAGCGAAGGG-1
83,Th2,83,ATCTACTGTAGGGTAC-2
84,Tfh,84,GCTCTGTGTTCCACGG-1
85,Tfh,85,CAGCATACAGGTCTCG-2
86,Tfh,86,CGTCACTGTTGATTCG-2
87,Tfh,87,TACGGGCTCAGAGGTG-2
88,Tfh,88,CACACTCGTACAGTTC-1
89,Tfh,89,ACGAGGAAGTGTACGG-1
90,CD4Tn,90,GACTAACTCAAGATCC-1
91,CD4Tn,91,GAATGAATCATGTCCC-2
92,Tfh,92,TTGCCGTGTCTCCCTA-1
93,Tfh,93,CACACCTCACGTCAGC-2
94,Th17,94,GACCAATGTGCAGTAG-3
95,Tfh,95,TGCCCTAAGCCCTAAT-1
96,Tfh,96,CTGAAACTCGCCAGCA-2
97,CD4Tn,97,AGTGGGATCAATCTCT-3
98,Th17,98,CGTCACTTCTACTTAC-3
99,Th2,99,CGGGTCAGTCCCTTGT-2
100,CD4Tn,100,AGCGGTCAGAAACGCC-2
101,Tfh,101,CCACTACTCTCACATT-1
102,Tfh,102,CCACCTATCGACGGAA-1
103,CD4Tn,103,CCCAATCGTGGTACAG-2
104,Th17,104,TGAGAGGCATCTACGA-3
105,Tfh,105,AGTGAGGTCGTCCAGG-2
106,CD4Tn,106,TCAGCAAAGCGTGTCC-3
107,Tfh,107,CCCATACGTCTCATCC-2
108,CD4Tn,108,AGATCTGTCCAGAGGA-2
109,Tfh,109,CCGGTAGTCGTTACAG-2
110,Tfh,110,CATTCGCAGAATTCCC-2
111,Th17,111,CTAGCCTGTCAACTGT-3
112,Th2,112,TACGGATAGTTAGGTA-1
113,Tfh,113,GTAGTCACAGTGGGAT-2
114,Th17,114,ATCTACTTCGCGGATC-3
115,Tfh,115,GTGGGTCAGCTGCAAG-2
116,Tfh,116,GGATGTTTCGAATGCT-1
117,Tfh,117,ACGCCGAAGAAGGTGA-2
118,Th2,118,CTGCCTAAGGGTCTCC-1
119,Th17,119,ATTGGTGCAATGGAGC-3
120,Tfh,120,ACGCCGAGTTGTGGCC-2
121,Tfh,121,TGAGAGGCAGCCAGAA-3
122,Th17,122,CACACTCTCGGTTAAC-3
123,CD4Tn,123,ACAGCTAAGCAACGGT-2
124,Th17,124,AACCATGCAGCTGTAT-3
125,Tfh,125,AGTTGGTAGTCCGTAT-2
126,Tfh,126,TTCTACAGTAGTGAAT-2
127,CD4Tn,127,GTCACGGTCACCAGGC-1
128,Tfh,128,CGTAGGCTCCAAACAC-1
129,Th2,129,GCGGGTTAGTGTACGG-1
130,Th17,130,ACGTCAAAGTCTCGGC-3
131,Th17,131,GTCACAAAGCCCGAAA-3
132,Tfh,132,TCATTACGTCTCCATC-2
133,Th17,133,CTAATGGTCGGCTTGG-3
134,CD4Tn,134,TTCTACAAGAGGTTGC-2
135,Tfh,135,AGTCTTTGTAGGCTGA-1
136,Th17,136,CCTACCAAGTACGTTC-3
137,CD4Tn,137,CGGGTCATCATTGCGA-3
138,CD4Tn,138,AGCTCTCTCACCAGGC-1
139,Th2,139,AGGGAGTAGCGTAATA-2
140,CD4Tn,140,AAGTCTGTCCCTAATT-3
141,Th17,141,CTTAGGAAGGACCACA-3
142,Th17,142,CGTGTCTGTACTTAGC-3
143,Tfh,143,GACTGCGGTACAGTGG-2
144,Th17,144,GGGCACTCATACTACG-3
145,CD4Tn,145,GCCTCTAGTATGAATG-2
146,CD4Tn,146,GGAATAACACCTATCC-1
147,Tfh,147,AACTCTTAGACGACGT-2
148,CD4Tn,148,ACGCCGATCTCCAACC-1
149,Tfh,149,GTAACGTCAGGTTTCA-1
150,Tfh,150,CCTTACGCAACACCCG-1
151,Th17,151,GCGAGAATCAATACCG-3
152,Th2,152,ACGGGTCAGTTCCACA-1
153,Th17,153,ACCCACTCAATCGAAA-3
154,Tfh,154,GATCGCGAGGCACATG-1
155,Th17,155,TCTGAGAGTGTAACGG-3
156,Tfh,156,TCGTAGATCAACCAAC-2
157,Th17,157,GATCGTAGTCAACATC-2
158,CD4Tn,158,GATCGATCAGACGCTC-3
159,Tfh,159,CGTGTCTAGTGTGAAT-2
160,Th17,160,TCATTACGTTACGTCA-3
161,CD4Tn,161,TTGAACGCAATGGAAT-1
162,Tfh,162,CATATTCGTGCCTGCA-2
163,Tfh,163,TTGACTTGTAGCGCTC-3
164,CD4Tn,164,GTACTTTCACGCTTTC-2
165,Tfh,165,CATCAGACAACGCACC-2
166,Tfh,166,CTACCCATCAAAGACA-1
167,Tfh,167,TGCTACCAGTTCCACA-2
168,CD4Tn,168,GTGTTAGTCGCTTAGA-3
169,CD4Tn,169,TACCTATGTACGAAAT-2
170,Tfh,170,ACTTACTGTTAGTGGG-1
171,Th17,171,GTATCTTAGTCACGCC-3
172,CD4Tn,172,GTCATTTTCGCGTAGC-2
173,Th2,173,TCTATTGTCAGCTCTC-1
174,Th17,174,AGCAGCCGTGTTCTTT-3
175,Th17,175,AACTCTTAGGCATGGT-3
176,Tfh,176,TACGGGCTCAGAGCTT-2
177,Tfh,177,ACTGCTCAGTGACTCT-2
178,Th2,178,ACGTCAAAGAAGATTC-2
179,Tfh,179,CATATGGAGCTGAAAT-1
180,Tfh,180,GCGCAGTGTTCAGGCC-2
181,Tfh,181,TACCTTAAGGCGATAC-1
182,Tfh,182,CATTCGCGTATCTGCA-2
183,Tfh,183,AATCCAGTCACATGCA-2
184,Th17,184,TCTATTGAGCCCAGCT-3
185,Tfh,185,TTAGGACGTATAGGGC-1
186,Th17,186,ACTGATGCACCCATTC-2
187,Tfh,187,CACATTTGTCTGCAAT-2
188,CD4Tn,188,CAACTAGTCTAACCGA-3
189,Tfh,189,TAAGTGCAGTTACGGG-1
190,Tfh,190,CGAGCACTCGGCCGAT-1
191,CD4Tn,191,CGATGTAAGACACTAA-2
192,Tfh,192,CCCAATCTCGCGTAGC-1
193,CD4Tn,193,TTCTCCTGTCCGAACC-1
194,Th17,194,TGCGGGTAGGGCTTGA-3
195,Tfh,195,CATATGGAGTCACGCC-2
196,Th17,196,CTGCCTACAGGATTGG-3
197,CD4Tn,197,GAAGCAGAGTACATGA-2
198,CD4Tn,198,TGCTGCTTCAGTGCAT-1
199,Th2,199,TACCTTACACCAGCAC-1
200,Tfh,200,GGTATTGAGCAATATG-1
201,CD4Tn,201,GACGTTAAGTTTCCTT-2
202,CD4Tn,202,AAGCCGCCACAGCCCA-1
203,Tfh,203,AGTAGTCGTTCGTGAT-1
204,Tfh,204,AACTGGTTCTCTGTCG-1
205,Th2,205,GGGAGATAGGGTATCG-2
206,Tfh,206,CGACTTCAGCGATAGC-1
207,Th17,207,TAGAGCTGTGCAGTAG-3
208,CD4Tn,208,CAACCTCGTCCCGACA-2
209,Tfh,209,CATGACAGTCCCTTGT-1
210,CD4Tn,210,GGTGTTATCGGAAATA-1
211,Th17,211,GCGGGTTCACATTCGA-3
212,CD4Tn,212,TTGAACGCACTATCTT-1
213,CD4Tn,213,ACTATCTGTCTAGCGC-1
214,Tfh,214,CAGCTAATCAACGGCC-1
215,Tfh,215,CTACACCTCACAAACC-1
216,Th17,216,GATCGTACAGATGGGT-3
217,CD4Tn,217,TCAGGTACATCGGTTA-2
218,Tfh,218,CCACCTATCTGCGTAA-1
219,CD4Tn,219,CGACCTTCATGGGAAC-2
220,Tfh,220,GTGTGCGGTGGTCTCG-1
221,Tfh,221,TGAAAGAAGAGAACAG-1
222,Tfh,222,GACCAATCATGCCCGA-1
223,Tfh,223,CTTCTCTGTTAAGGGC-1
224,Tfh,224,CCTTCCCGTAGCGTCC-1
225,CD4Tn,225,GTGGGTCGTTTCCACC-2
226,Th17,226,TGTTCCGTCATAGCAC-3
227,Th2,227,CCTATTAGTTAGAACA-1
228,CD4Tn,228,TATCTCAAGTAACCCT-2
229,CD4Tn,229,CATCGGGTCCTCAACC-1
230,Th17,230,TGGTTCCAGCTTATCG-3
231,Tfh,231,TGGCTGGTCCGCAAGC-2
232,CD4Tn,232,GATTCAGTCTGCTTGC-2
233,Th2,233,CACCTTGGTTCGCTAA-2
234,CD4Tn,234,CGATTGACACAAGTAA-2
235,Tfh,235,CTTAGGAAGAATGTGT-2
236,Th17,236,GACACGCCAGCCTATA-3
237,Th17,237,CGGAGTCAGTGCAAGC-3
238,Tfh,238,TACGGATCAGCCAGAA-1
239,CD4Tn,239,ATGAGGGAGTGTGGCA-2
240,Tfh,240,CGGTTAATCTCGTATT-2
241,Tfh,241,AACTTTCAGCCGCCTA-1
242,Tfh,242,AAGGCAGTCAACCATG-2
243,Tfh,243,AGATCTGCACCGAATT-2
244,Tfh,244,GTAACTGGTTATGCGT-2
245,CD4Tn,245,CCGGGATGTTCCATGA-2
246,Th2,246,CTGCTGTGTAAGCACG-1
247,Tfh,247,TAGACCACATGGAATA-1
248,CD4Tn,248,ACATACGGTAAATACG-2
249,CD4Tn,249,GGCTGGTTCCCAAGTA-1
250,Tfh,250,AAAGATGTCCACGTGG-1
251,Tfh,251,ACGCCAGTCCCTAACC-1
252,Tfh,252,GCTGCAGCAATGTTGC-2
253,Tfh,253,ATGAGGGTCCACGACG-2
254,Th17,254,ATCATCTTCCTTGACC-3
255,Tfh,255,CGCTATCTCAACGGGA-2
256,CD4Tn,256,GGACAGATCAGCGATT-2
257,CD4Tn,257,TGTATTCGTAGGGACT-3
258,Th17,258,TTTACTGGTCTCTCTG-3
259,Tfh,259,TCATTTGGTAGAAAGG-2
260,Th2,260,CACATAGAGCCCTAAT-1
261,Tfh,261,CGCGTTTGTAGATTAG-1
262,CD4Tn,262,GACGCGTCACAGGAGT-1
263,Th17,263,GGGTCTGTCACTCTTA-3
264,Th17,264,TTGTAGGCAGCCTATA-3
265,Th17,265,CCACCTAAGCGACGTA-3
266,Tfh,266,GGAACTTCACAAGTAA-3
267,Th17,267,ACCTTTATCACGACTA-3
268,Tfh,268,CTCAGAAAGCGTGAGT-1
269,CD4Tn,269,ACGATACGTCATGCCG-1
270,Tfh,270,TCAACGAAGCTGAACG-1
271,Th2,271,CACCAGGTCGTCCAGG-1
272,Th2,272,CATGACATCGCTAGCG-3
273,Tfh,273,GTGCTTCAGACCCACC-1
274,CD4Tn,274,CTCTAATCAGATGAGC-2
275,Tfh,275,CTGTGCTCACAAGCCC-2
276,Tfh,276,CCTAGCTGTTGAGGTG-1
277,Tfh,277,ATCCACCAGGGATACC-1
278,Tfh,278,TTAGTTCGTGCATCTA-1
279,Tfh,279,GGATGTTTCTCTAGGA-2
280,Th17,280,CCACGGAAGATCTGAA-3
281,Tfh,281,TCAGGATAGAATAGGG-2
282,Tfh,282,CCCAATCCATTTGCCC-2
283,CD4Tn,283,GCCAAATAGAGAACAG-3
284,Th2,284,CTCACACGTACCGCTG-2
285,CD4Tn,285,CTCGTACAGCGCCTCA-1
286,CD4Tn,286,CATGGCGCAGTTCATG-1
287,CD4Tn,287,ACGCAGCTCAGATAAG-3
288,Tfh,288,CCCTCCTCAAGGACAC-3
289,Th17,289,CGTTCTGTCTTCGGTC-3
290,Tfh,290,GAATGAAGTTCGTCTC-1
291,CD4Tn,291,TCAGGATCACTCAGGC-1
292,CD4Tn,292,TTTGTCAGTGTGGTTT-1
293,Th17,293,CACAGTAAGGATTCGG-3
294,Th17,294,TTCTACACATGCTGGC-3
295,Th17,295,GTTTCTATCCAAGTAC-3
296,Tfh,296,AAACCTGAGTGGTCCC-2
297,CD4Tn,297,TGGTTCCAGTGTACTC-2
298,Tfh,298,TGAGCCGGTTGGTGGA-1
299,CD4Tn,299,AGGGATGGTACTCGCG-2
300,CD4Tn,300,GGCTGGTCACATGTGT-3
301,Th2,301,CTGATAGGTCCGTGAC-1
302,Tfh,302,TGTGGTAAGATGTAAC-2
303,Th2,303,TACTTACGTTCAGGCC-1
304,Th17,304,AAGGAGCCACGTGAGA-3
305,Tfh,305,CCTAGCTGTCTTGATG-2
306,Th2,306,AAATGCCGTCTAACGT-1
307,Th2,307,TCAGCTCTCTGTCTAT-2
308,Th17,308,CGACCTTCACCACCAG-3
309,CD4Tn,309,TGGCGCATCTCAACTT-3
310,CD4Tn,310,CCACCTATCCTGCAGG-3
311,Th17,311,GGATTACCAGCTGTTA-3
312,Tfh,312,CGTGTCTCACAGAGGT-1
313,CD4Tn,313,GTTCATTCATGGAATA-3
314,Th17,314,CAGAGAGTCCCGGATG-3
315,Th17,315,TGGTTAGGTTGGTTTG-3
316,CD4Tn,316,TATCTCATCTGGTGTA-2
317,Th2,317,GGTGTTAGTCGCGTGT-2
318,Tfh,318,ACACCAACACTGCCAG-1
319,Tfh,319,TTAGTTCGTCACCTAA-3
320,Tfh,320,TATCAGGTCTGGTTCC-2
321,CD4Tn,321,TTCTTAGTCTACTTAC-2
322,Tfh,322,ACGATACAGATGGGTC-1
323,Th17,323,CATATGGCATCACGTA-3
324,Th17,324,GTCATTTAGGCCGAAT-3
325,Th17,325,CGAACATAGTATGACA-3
326,CD4Tn,326,TGCCCATAGGCCGAAT-2
327,Th17,327,CCGTGGAAGAATGTTG-3
328,CD4Tn,328,CATTCGCTCGTTGCCT-3
329,Th17,329,CCGTACTTCCCACTTG-3
330,Th2,330,CGACCTTCATGTAGTC-2
331,Tfh,331,CAGTAACGTCGGCATC-2
332,CD4Tn,332,CGAGAAGGTGTCCTCT-2
333,Th2,333,CTTAACTCATCCTTGC-2
334,CD4Tn,334,ATCTACTCATCAGTAC-2
335,Th2,335,GCTTCCACATTCCTCG-2
336,CD4Tn,336,CCACCTACACCCATGG-2
337,Th17,337,TTCTTAGCATCCCACT-3
338,Th2,338,AACTGGTAGTGGGTTG-2
339,CD4Tn,339,TACCTTAGTCTGCGGT-3
340,Tfh,340,GCTCTGTAGTCAATAG-2
341,CD4Tn,341,AGCATACTCGCCGTGA-2
342,CD4Tn,342,GAAGCAGCATGCGCAC-1
343,Th2,343,TCAATCTAGATCTGCT-1
344,CD4Tn,344,ATCTGCCAGTGTCCAT-3
345,CD4Tn,345,AACGTTGAGCTAGTTC-3
346,CD4Tn,346,CACATTTAGCTCCTCT-1
347,Tfh,347,CGGACACAGTACACCT-2
348,CD4Tn,348,TCTGAGATCCACGAAT-2
349,Tfh,349,TTTATGCCACGTCTCT-1
350,Tfh,350,ACAGCCGGTTCACCTC-1
351,Th17,351,AGAATAGAGTATCTCG-3
352,Tfh,352,CGTTCTGAGACAGACC-1
353,Tfh,353,GAGTCCGTCGAGAACG-1
354,Tfh,354,AGCGTCGGTTACCAGT-2
355,Tfh,355,GGCGACTGTCGCATAT-2
356,Tfh,356,TTGACTTCAACACCCG-2
357,CD4Tn,357,TGGCCAGGTGTAACGG-2
358,Th17,358,GAATAAGAGCTCTCGG-3
359,Th17,359,GGCGTGTCAATAGCGG-3
360,Th17,360,CACACAAGTAGTAGTA-3
361,Tfh,361,GTGCAGCTCCGCTGTT-2
362,Tfh,362,GGCAATTCATGGTCAT-2
363,Tfh,363,CGTTGGGGTCCATCCT-1
364,Th2,364,TCGAGGCGTTACGCGC-1
365,Tfh,365,GTGAAGGGTTATCACG-3
366,Th2,366,ACTGTCCCACTTCTGC-2
367,Tfh,367,GTCAAGTTCCAAGCCG-2
368,CD4Tn,368,TACTCGCTCACAAACC-3
369,Tfh,369,AGCGGTCCACGTTGGC-1
370,Th17,370,GATCGATGTGATAAGT-3
371,Th17,371,TGAAAGATCCAAACAC-3
372,Th2,372,TAAACCGGTACGCTGC-1
373,Th17,373,TTGTAGGTCTGTCAAG-3
374,Tfh,374,CGTGTAAGTGCCTGCA-1
375,Th17,375,CGTCAGGTCCGAATGT-3
376,Tfh,376,GTGGGTCTCCTTTCGG-2
377,CD4Tn,377,AACTTTCTCCGAAGAG-2
378,Tfh,378,CCAGCGATCCGGCACA-1
379,Tfh,379,TGCTGCTGTATAGGTA-3
380,Th17,380,CTAATGGGTTGTGGAG-3
381,Tfh,381,GGGCACTCAGCCTTGG-1
382,Tfh,382,AAAGATGTCTTCGAGA-3
383,Th2,383,TTAGTTCTCAGAGACG-2
384,CD4Tn,384,CACCTTGGTACATGTC-3
385,Tfh,385,AGGGAGTTCTGTTTGT-3
386,Th17,386,CGTCTACTCACCCTCA-2
387,Tfh,387,CGGAGCTTCATCGCTC-2
388,Tfh,388,AGTTGGTCAGATGGGT-2
389,Th2,389,AGGGATGTCGTAGGTT-2
390,Tfh,390,GCAATCAGTATCGCAT-1
391,Tfh,391,GGCGTGTGTTGACGTT-3
392,Th17,392,CGGGTCATCACGCATA-3
393,Th17,393,CATCGAAGTAACGCGA-3
394,CD4Tn,394,CGTTAGACACTTACGA-1
395,CD4Tn,395,TGTGTTTTCAAACAAG-2
396,CD4Tn,396,GCTGCTTCACCTCGGA-3
397,Tfh,397,TCAACGAGTACGAAAT-2
398,Tfh,398,AATCGGTCATGCAACT-2
399,Tfh,399,CCATTCGTCACGACTA-3
400,Th2,400,CATGCCTAGTGACATA-1
401,CD4Tn,401,AGGGATGTCACTGGGC-1
402,Tfh,402,TGGGAAGCAAGTCTAC-1
403,Tfh,403,TTCGAAGGTCAACTGT-2
404,Tfh,404,CCTTTCTCATTTGCTT-2
405,Th2,405,GCATACACAATAGAGT-2
406,CD4Tn,406,CTGCTGTGTTCGCGAC-1
407,Tfh,407,GGATTACTCCAGTAGT-2
408,Tfh,408,GCGCGATTCTGATACG-3
409,CD4Tn,409,AGCTTGACATGCCTTC-2
410,Tfh,410,GTCCTCAGTCCCTTGT-1
411,Tfh,411,CCCTCCTCACACCGAC-1
412,Tfh,412,TGGGCGTTCGTTACAG-1
413,Th17,413,AAAGTAGCAGATCTGT-3
414,CD4Tn,414,AACACGTAGCAATATG-3
415,Th17,415,CTTAGGATCTAACTTC-3
416,Th17,416,CTGTGCTGTACCGGCT-3
417,Tfh,417,TTGCCGTGTAAATACG-2
418,Tfh,418,GTAGGCCCACTGAAGG-1
419,Th17,419,CACATAGAGTCGATAA-2
420,Tfh,420,ACTATCTCAATCGGTT-2
421,Th17,421,AGGCCACAGAGGTAGA-3
422,Th2,422,CGTGTAATCACATGCA-1
423,Th17,423,CGTGTAATCATTATCC-3
424,Tfh,424,GATGAGGTCTACTATC-2
425,Tfh,425,TGACGGCAGGATTCGG-3
426,Tfh,426,CTACCCATCAACACTG-1
427,Tfh,427,CCACCTACAGTCACTA-1
428,CD4Tn,428,GAATGAAGTTATCCGA-1
429,Tfh,429,ATTGGACAGCTAGTTC-1
430,Th17,430,AGGGATGCAGATCGGA-3
431,Tfh,431,TCGAGGCCAGGATTGG-2
432,Tfh,432,AGCATACGTTATCACG-3
433,Tfh,433,CCTCTGAGTGTGCGTC-1
434,CD4Tn,434,GAATAAGGTGGTAACG-1
435,Tfh,435,CGTGTAAAGATCCCGC-2
436,Th17,436,CGTAGCGCATCCCACT-3
437,Tfh,437,GAACGGAGTGAGGGAG-1
438,Th2,438,CTCTACGGTTGGACCC-1
439,Th2,439,TGCGTGGCAAACTGTC-1
440,Tfh,440,TCTTCGGTCGGATGTT-2
441,Tfh,441,ACAGCCGTCTGGCGAC-2
442,CD4Tn,442,TTGGCAATCACCTCGT-2
443,Tfh,443,CGGGTCATCATGGTCA-1
444,Tfh,444,AGGCCGTTCTTGCAAG-3
445,Tfh,445,ACCTTTAGTGCTCTTC-2
446,Tfh,446,GCGGGTTGTAAGTGTA-2
447,Tfh,447,ACTGTCCGTACCATCA-1
448,Th17,448,CTGATCCGTAGGGACT-1
449,Tfh,449,TCGTAGAGTATGAATG-1
450,Th17,450,CAGCGACCAGACTCGC-3
451,Tfh,451,AGGTCCGAGAGTGACC-1
452,Th2,452,GAAACTCAGCACACAG-1
453,Th17,453,GTCACGGAGAAACGCC-3
454,CD4Tn,454,CGACTTCAGCCTATGT-1
455,Tfh,455,TAGACCAGTACTCTCC-1
456,Tfh,456,ACTGATGTCAATCACG-1
457,Tfh,457,CTGTGCTTCAGCACAT-2
458,Th17,458,ATCATGGAGGAATGGA-3
459,CD4Tn,459,CTGATCCGTCTCAACA-1
460,CD4Tn,460,CAGTAACAGCGGCTTC-1
461,Th17,461,ACGATACGTAGGCATG-3
462,Th2,462,CTTAGGAGTACGAAAT-1
463,Tfh,463,GTCAAGTCAGTCACTA-2
464,Th2,464,TGCGCAGCAATCGGTT-1
465,CD4Tn,465,TCTCTAAGTAGGCTGA-2
466,Tfh,466,CGTTGGGCACTATCTT-2
467,Th17,467,CACAAACCATATGGTC-3
468,Th17,468,TTTATGCAGCCTCGTG-3
469,CD4Tn,469,TGCGTGGAGATGTGTA-2
470,Th2,470,TACCTATTCATCATTC-1
471,Tfh,471,AGAGCTTTCAGTACGT-1
472,Tfh,472,TCAGGATGTAGCGCAA-2
473,Tfh,473,TTGGCAACACGAAGCA-2
474,Th17,474,TTAGTTCCACGTAAGG-2
475,CD4Tn,475,GGACAAGAGTAGGTGC-1
476,CD4Tn,476,CTAGAGTAGCTAACTC-1
477,Tfh,477,TTAGTTCCAGACAGGT-3
478,Tfh,478,CGTGTCTCAGCCAGAA-2
479,CD4Tn,479,TGACAACGTTAGATGA-2
480,Tfh,480,CGCTTCATCATTTGGG-1
481,CD4Tn,481,TTAGGCACATACGCTA-1
482,Tfh,482,GAAACTCGTAAGAGAG-2
483,Tfh,483,GACTACATCAAGGTAA-1
484,Tfh,484,GACTACACATACTCTT-1
485,CD4Tn,485,GTGAAGGCATCACCCT-1
486,Tfh,486,CGATGGCTCCCTGACT-2
487,Th17,487,CTGGTCTTCTCTGCTG-3
488,CD4Tn,488,CTCGTACTCTCTTGAT-2
489,Tfh,489,GCGCCAATCGCGTAGC-3
490,CD4Tn,490,CGATGGCAGGTACTCT-3
491,Th17,491,ACGGGCTGTCAAGCGA-3
492,Th2,492,ATTGGACAGGACTGGT-1
493,Tfh,493,CTCAGAATCAAGAAGT-2
494,Tfh,494,ACGAGGATCTCGATGA-2
495,Th2,495,CATGCCTCATCGGTTA-2
496,Tfh,496,CATCAAGAGTCATGCT-1
497,Tfh,497,TCGCGAGAGTAATCCC-2
498,Th17,498,TGCCAAAAGGGTATCG-3
499,Tfh,499,GCGACCATCGTTTAGG-2
500,Tfh,500,TGTGGTAGTTTGTTTC-1
501,CD4Tn,501,CGGGTCATCGTACGGC-2
502,Tfh,502,ATCCACCAGTAGCCGA-1
503,Th17,503,CGTGTCTGTAGCGTGA-3
504,CD4Tn,504,GCCTCTAGTCAACATC-1
505,CD4Tn,505,AGATCTGTCAGTTGAC-1
506,Th17,506,GCAGCCATCTCTGCTG-3
507,Tfh,507,AGTGGGATCAGAGCTT-2
508,Th17,508,ATTATCCTCCGCTGTT-3
509,Th2,509,CTGCGGAAGCCGGTAA-2
510,Tfh,510,AACGTTGGTTCGTTGA-3
511,Tfh,511,TCAGCTCAGATATACG-2
512,Tfh,512,AAGTCTGCAAGGCTCC-2
513,Tfh,513,TGGGCGTAGTGAAGTT-2
514,Tfh,514,AGGGAGTTCCTCGCAT-1
515,Tfh,515,GTCTCGTAGATCCCAT-2
516,Tfh,516,ATCTACTCACTAAGTC-1
517,Tfh,517,GTCACAACAGATGAGC-3
518,Tfh,518,TACGGATTCATTTGGG-2
519,Tfh,519,CATATGGCAGACAAGC-2
520,Tfh,520,ACGGCCATCAGGATCT-1
521,Th17,521,TGCGGGTTCCATTCTA-3
522,Th17,522,GACACGCCACGGTGTC-3
523,Tfh,523,GATCTAGCAGGCTCAC-2
524,CD4Tn,524,GTGTTAGAGGTGTGGT-1
525,Tfh,525,ATGGGAGAGTGTTGAA-3
526,Tfh,526,TACGGATTCATGTGGT-2
527,CD4Tn,527,GCGACCACAAGCCCAC-1
528,Th17,528,GATCAGTCAACAACCT-3
529,Tfh,529,GCATACAGTTAAAGTG-1
530,Th2,530,AAAGCAAGTTTCCACC-1
531,Tfh,531,AACACGTCATTAACCG-2
532,Th17,532,TTGCGTCCAGATGGCA-3
533,Tfh,533,AACGTTGCAAACCCAT-2
534,Th17,534,CCTTTCTTCTTGCATT-3
535,Th17,535,GAAATGAAGCAGGCTA-3
536,Th17,536,GCGCAACTCTGCGACG-3
537,Th2,537,GAGTCCGAGGATGGAA-1
538,Tfh,538,GTCTTCGTCTTCGAGA-2
539,CD4Tn,539,TGCCCTACAGGCTGAA-3
540,Th17,540,TTAGTTCGTTCCACTC-3
541,Th2,541,TTGGAACTCCGTACAA-1
542,Tfh,542,CTACACCTCACCGGGT-2
543,Th17,543,ACTTACTAGATCACGG-3
544,Tfh,544,GGACAAGCATAAGACA-2
545,CD4Tn,545,CGTTAGAAGATGCGAC-1
546,Tfh,546,CTCTGGTAGTTTAGGA-1
547,Th17,547,CCATTCGAGGGATCTG-3
548,Th17,548,GTCGTAAGTCCTCTTG-3
549,Th17,549,ATAGACCTCTTCATGT-3
550,Th17,550,TTTGGTTTCTCAACTT-1
551,Tfh,551,ACGCCGATCACCTTAT-1
552,Th17,552,CGTCTACGTAGTAGTA-3
553,Tfh,553,AACTTTCAGTGTCTCA-1
554,Th17,554,GCATACAGTGGGTCAA-3
555,Th17,555,GTATTCTCATGCTGGC-3
556,CD4Tn,556,GTGCATATCCCAGGTG-2
557,Th2,557,GTACGTAAGCAGATCG-1
558,CD4Tn,558,CCTATTACAATAGCGG-1
559,Tfh,559,CTAGTGATCACGATGT-1
560,Th17,560,AGTGTCAGTGACTCAT-3
561,Th2,561,AAACGGGCAGTACACT-1
562,Tfh,562,TAGGCATGTGAAATCA-2
563,Tfh,563,TGCCCATGTGGTCTCG-2
564,Th17,564,TATCTCAAGCATCATC-3
565,Tfh,565,CGTAGGCTCTAGCACA-2
566,CD4Tn,566,CCGGGATTCAATAAGG-3
567,Th17,567,TAGAGCTGTACCGCTG-3
568,Tfh,568,GCGACCAAGAAGGACA-2
569,CD4Tn,569,ACGAGCCGTTTAGCTG-2
570,Th17,570,TCCACACCAGCTCGAC-3
571,Th17,571,GAATGAACAGTCCTTC-3
572,Th2,572,TAGCCGGTCTCTAGGA-2
573,Th2,573,TCTCTAAGTGCAGTAG-1
574,Tfh,574,AGCGTCGGTACTCAAC-3
575,Tfh,575,TCAGGATCAGTCTTCC-1
576,Tfh,576,TAGGCATTCATAACCG-2
577,Th17,577,GCGCCAATCCGTCATC-3
578,CD4Tn,578,TAGTGGTTCCAGATCA-1
579,Th2,579,CTGCTGTTCAGAGACG-2
580,CD4Tn,580,ACTGCTCTCTTCAACT-3
581,Th2,581,GAATAAGTCCACGTGG-2
582,Th17,582,ACTGATGGTGGTCTCG-3
583,Tfh,583,CATATTCTCGGAGCAA-2
584,Th17,584,GCTTGAAAGTGTCCAT-3
585,Tfh,585,ACATACGGTCAGAATA-2
586,Tfh,586,CCGGTAGGTCATCGGC-2
587,Tfh,587,CTCGGAGGTCTTCGTC-1
588,Th17,588,CCGTTCACATAAGACA-3
589,Th17,589,GTGCGGTAGCCGATTT-3
590,Th17,590,ATCATGGAGCCCAGCT-3
591,Th2,591,AGACGTTCATCGATGT-2
592,CD4Tn,592,GACTGCGTCAATCACG-2
593,Th17,593,TCATTACTCTTGCAAG-3
594,Tfh,594,TTTACTGCAAGTAGTA-2
595,Tfh,595,CGTTGGGGTTATTCTC-1
596,Tfh,596,ACACTGAGTCGCTTCT-1
597,Tfh,597,CTGGTCTCATCCCATC-2
598,Tfh,598,ACTTACTTCCAAGCCG-3
599,Tfh,599,CAACCAACAAGGCTCC-3
600,Tfh,600,GTGTTAGTCTGGCGAC-1
601,Tfh,601,ATCATGGAGTAGCCGA-2
602,Th2,602,TGGCGCACAGGTCCAC-2
603,Tfh,603,CGCGGTACAAAGTCAA-2
604,CD4Tn,604,TACGGGCGTCACTTCC-2
605,Th2,605,GTGCGGTGTCTTGCGG-1
606,CD4Tn,606,GGGATGATCAAAGTAG-2
607,Th17,607,GGATGTTCATGCATGT-3
608,Th17,608,CCGGTAGGTACGCTGC-3
609,Tfh,609,TAGGCATCACATAACC-1
610,Tfh,610,CGCTGGATCTTCAACT-2
611,Tfh,611,GAACCTATCTCTGTCG-1
612,Th2,612,CGAGCACAGGTGACCA-2
613,Th17,613,ATAAGAGGTCAACATC-3
614,Th2,614,CCTTTCTCACCTCGTT-2
615,Tfh,615,GCTGCAGGTTGCGCAC-1
616,Th2,616,TCGGTAATCATCTGTT-2
617,Tfh,617,CGGAGCTCACCAACCG-2
618,CD4Tn,618,CGGAGCTCAGTATAAG-2
619,Th17,619,CGCGTTTAGAGTCTGG-3
620,Th17,620,CAGATCACAAAGTCAA-3
621,CD4Tn,621,GACGTGCGTTAAGACA-2
622,Th17,622,CACCACTGTAAACACA-3
623,Th17,623,TGTTCCGGTACTTCTT-3
624,CD4Tn,624,CGCCAAGGTGAAGGCT-2
625,Tfh,625,CGTCACTAGATGGCGT-1
626,Th2,626,TTTGTCACACACTGCG-1
627,Th17,627,GCAGCCAGTCTCGTTC-3
628,CD4Tn,628,TACTCGCGTGCGCTTG-1
629,Tfh,629,CTAAGACTCCGTAGGC-2
630,Tfh,630,ACTGAACTCAGTTGAC-2
631,CD4Tn,631,GTGCTTCCAGTAAGCG-1
632,CD4Tn,632,CTACGTCGTAGCCTCG-1
633,Tfh,633,CAGTAACAGTAAGTAC-2
634,Tfh,634,CGCCAAGGTCGGCACT-2
635,Th17,635,CCTCAGTGTGCCTGGT-3
636,Th17,636,GTTAAGCGTATTACCG-3
637,Tfh,637,GAGCAGAAGAGCAATT-2
638,Tfh,638,TTCCCAGTCCCAAGAT-2
639,Tfh,639,CCGTGGATCTGGCGAC-2
640,Tfh,640,TCGTAGACACTCTGTC-2
641,Tfh,641,CTCGTACGTGCTAGCC-1
642,Tfh,642,GCGACCATCGCGTAGC-2
643,Tfh,643,CTGCGGAGTTCGTTGA-1
644,Th17,644,TGATTTCAGGCAGGTT-3
645,Th17,645,CTGTTTATCACTTCAT-3
646,CD4Tn,646,TGTATTCTCATGCATG-2
647,CD4Tn,647,TCTTTCCTCATCTGCC-3
648,Th17,648,AACTTTCAGTGGCACA-1
649,Tfh,649,CAGCATAAGCCTTGAT-1
650,Th2,650,GGGACCTCACGCATCG-1
651,Th17,651,ATTTCTGCAGCCTGTG-3
652,Tfh,652,AGTGAGGCACAGTCGC-2
653,Tfh,653,CTCCTAGTCTGGCGTG-2
654,Tfh,654,CGGACACAGTCTTGCA-2
655,CD4Tn,655,GCAAACTCATCGATTG-1
656,Tfh,656,TTGCCGTGTACAGCAG-2
657,CD4Tn,657,ACACCAAAGATGTAAC-2
658,Th17,658,CAGATCATCTGGTTCC-3
659,Tfh,659,TAAGCGTGTCAAAGAT-2
660,Tfh,660,GAGCAGACAACTTGAC-1
661,CD4Tn,661,CGAGAAGCAGGCTCAC-2
662,CD4Tn,662,GTATTCTGTAAGGATT-1
663,Th17,663,GGAACTTTCGCTTGTC-3
664,CD4Tn,664,TGTGTTTCACCACGTG-1
665,Th2,665,GGAAAGCGTGTGACGA-1
666,Tfh,666,AGAATAGTCCAGATCA-1
667,Tfh,667,TGGGCGTGTTAGATGA-1
668,Th17,668,TCGTAGAAGACCTTTG-3
669,Th2,669,CTCGAGGTCGCGGATC-1
670,CD4Tn,670,CAACCAAAGAAGGTTT-2
671,CD4Tn,671,CAGCATATCGATGAGG-2
672,Tfh,672,CTACCCAGTCATGCAT-3
673,CD4Tn,673,CCGGGATCAGTCAGAG-1
674,Tfh,674,ACGGAGATCGAGCCCA-2
675,CD4Tn,675,CGACCTTTCACAACGT-3
676,Tfh,676,TGAGGGAGTTGGTAAA-2
677,Th17,677,GATGCTAAGAGGTTAT-3
678,CD4Tn,678,TTTACTGCAGTAACGG-1
679,Tfh,679,GTGGGTCTCCGGGTGT-2
680,Th17,680,GTTCGGGAGCTCAACT-3
681,Th17,681,TGGTTCCGTGAGGGTT-3
682,Tfh,682,AAACCTGGTTATGCGT-1
683,Tfh,683,AGCAGCCCAAAGTCAA-2
684,Th17,684,GCATGATTCCATGAAC-3
685,Tfh,685,TGACTAGTCGGATGGA-2
686,Th17,686,GGTATTGCATCACCCT-3
687,Tfh,687,ATCCGAAGTCTAGTGT-2
688,Th17,688,AGCCTAAAGACGCAAC-3
689,Tfh,689,CTCTAATGTACAAGTA-1
690,Th17,690,GTTTCTAGTTCTGTTT-3
691,Th2,691,ACCAGTATCTTACCTA-2
692,Th17,692,CACAGGCTCTCGATGA-3
693,Th2,693,TTTACTGCAATCTACG-1
694,Tfh,694,ACGCAGCAGAGAGCTC-2
695,CD4Tn,695,GGAAAGCGTAGCGTGA-2
696,Th2,696,CTACCCATCCACGTTC-1
697,Tfh,697,TACTTGTAGCTGGAAC-2
698,Tfh,698,GCATGTACAAGGTGTG-2
699,CD4Tn,699,CGTCCATTCAGCTTAG-2
700,Th2,700,TACTTGTCACATGACT-1
701,Tfh,701,TCGAGGCGTCATTAGC-1
702,Tfh,702,TCGCGAGCATTACGAC-1
703,CD4Tn,703,CTACGTCAGGCTATCT-2
704,CD4Tn,704,GGTATTGGTGCTGTAT-1
705,Tfh,705,GGAACTTAGTTTCCTT-1
706,CD4Tn,706,CGTCACTGTACTTGAC-3
707,Th17,707,GAGTCCGAGAAGATTC-3
708,CD4Tn,708,GGTGTTATCAGCCTAA-2
709,Tfh,709,CATGACAGTAGCCTAT-2
710,Tfh,710,ACAGCTATCCTGCCAT-1
711,Th17,711,TCATTTGGTGCAGACA-3
712,Tfh,712,GGATGTTGTGGCAAAC-2
713,CD4Tn,713,TCGGGACTCTGCGACG-2
714,CD4Tn,714,GTTTCTAAGTGAACAT-2
715,Th2,715,TACGGGCCATGTTCCC-1
716,Tfh,716,AACACGTTCTTGTCAT-1
717,Tfh,717,TCCCGATTCTTCGGTC-2
718,Th17,718,GTCTTCGCAGATTGCT-3
719,CD4Tn,719,ATTCTACGTTGTCTTT-1
720,Th17,720,ATTATCCTCGCGCCAA-3
721,Tfh,721,GTCGTAACAAGCTGGA-2
722,Tfh,722,CCATGTCTCGATAGAA-2
723,Th17,723,CCACGGACAAGAAGAG-3
724,Tfh,724,TCGAGGCTCGCACTCT-1
725,CD4Tn,725,TATCTCACATCGTCGG-3
726,CD4Tn,726,CTAACTTTCACTCTTA-2
727,Th17,727,CCGGGATAGAAGGTTT-3
728,Th17,728,CCGGGATAGACTGTAA-3
729,Th17,729,CGCTGGACAATCAGAA-3
730,Tfh,730,AGGTCATAGGGTCGAT-1
731,CD4Tn,731,GTCAAGTTCCTCATTA-1
732,Th2,732,ACGAGCCCATCCTAGA-1
733,Th17,733,ACGAGCCGTTAAAGAC-3
734,CD4Tn,734,TCAATCTAGCACAGGT-1
735,Tfh,735,CCCAATCTCTACTATC-1
736,CD4Tn,736,TGACTTTAGCAGCGTA-2
737,CD4Tn,737,TAAGTGCGTAAACACA-1
738,Tfh,738,TGTGGTAGTCATCCCT-1
739,CD4Tn,739,AGCTTGAGTCAGATAA-1
740,Tfh,740,CGTCCATAGAGTGAGA-1
741,Tfh,741,TGAGCCGTCTGCTGCT-1
742,Th2,742,TTAGGACCACAGAGGT-2
743,CD4Tn,743,GAGGTGAAGTGGTAAT-1
744,Tfh,744,GATCGCGTCTTATCTG-1
745,Tfh,745,ACGTCAACACTTCGAA-1
746,CD4Tn,746,TACTTGTCAGGGTATG-2
747,Tfh,747,GCTGCAGTCATCTGCC-2
748,CD4Tn,748,GAGGTGAAGACTGTAA-2
749,Th2,749,CCCTCCTTCCTGTAGA-2
750,Th2,750,AGCGTCGCACCAGTTA-2
751,CD4Tn,751,TGCTACCCACAGGTTT-2
752,CD4Tn,752,CCTTCCCTCGAGAACG-1
753,Th17,753,GATCGATCACGAAAGC-3
754,Tfh,754,CGCTGGATCAGGCGAA-1
755,Th17,755,TGAGCATAGGTACTCT-3
756,Tfh,756,CTGCGGACAGGTCCAC-2
757,Th17,757,AAGGCAGTCACTCTTA-3
758,CD4Tn,758,TGGCCAGCACGAGAGT-1
759,Th17,759,TACAGTGCAGGATTGG-1
760,Th2,760,TCGGGACAGACCTTTG-1
761,Tfh,761,TATGCCCGTTATTCTC-2
762,CD4Tn,762,GTCGGGTCACAGCCCA-1
763,Tfh,763,TGGACGCGTCAATGTC-2
764,Th17,764,CAGCTGGTCACAATGC-3
765,Th2,765,GAAATGAAGGACCACA-2
766,Tfh,766,CAAGATCGTCGAATCT-2
767,Th2,767,ATGCGATAGTGAAGTT-1
768,Th17,768,CTTAACTGTTCCGTCT-1
769,Th17,769,TCAGCAACACAGCCCA-3
770,Tfh,770,CGTCCATCACTCTGTC-1
771,CD4Tn,771,CTCTGGTTCTCGCTTG-2
772,Th17,772,ACATGGTGTAAGTTCC-3
773,CD4Tn,773,TAAACCGGTTGTCTTT-3
774,Th17,774,GCTTCCATCAACACTG-3
775,CD4Tn,775,TACAGTGAGGGCTCTC-1
776,Th17,776,CTTCTCTAGTAGCCGA-3
777,Tfh,777,GCTTCCAAGAATGTGT-1
778,Tfh,778,AGTTGGTCAGGCTGAA-2
779,Tfh,779,AAGCCGCTCCAGTAGT-1
780,CD4Tn,780,AGCTCTCCACAGGTTT-3
781,Th17,781,CATATTCGTCTCTTTA-3
782,Tfh,782,CTCGAGGTCAAACCGT-1
783,CD4Tn,783,AAGTCTGAGTGTCCAT-2
784,CD4Tn,784,GTTCGGGCAATCCGAT-2
785,Tfh,785,CGCTGGATCCCGACTT-2
786,Tfh,786,GCATGATGTTTGGCGC-1
787,Th17,787,ACGGAGAAGTTCGCGC-3
788,Th2,788,AACTCCCGTTACGACT-1
789,Th2,789,ACAGCCGAGCTGGAAC-2
790,Tfh,790,TCTGAGACATCGGACC-1
791,Th17,791,TCGGGACGTCTAGTGT-3
792,Th17,792,TTCGAAGTCGAGGTAG-3
793,Tfh,793,TCGCGTTTCAACACGT-2
794,Th17,794,AATCGGTCAGCCACCA-1
795,Tfh,795,TAGTTGGCATTAACCG-2
796,Tfh,796,CTAGAGTAGCCCAGCT-1
797,Tfh,797,ACTGAACTCTAACTCT-2
798,CD4Tn,798,TTTACTGAGCCTTGAT-2
799,Th17,799,TCGAGGCAGAACTGTA-3
800,Tfh,800,GTAGGCCAGTAATCCC-1
801,Th2,801,ACGCCGACATCCGGGT-1
802,Th17,802,ACGAGCCGTATTAGCC-3
803,Tfh,803,GAACGGACAGCAGTTT-1
804,Tfh,804,CCTCTGAGTAAGTTCC-1
805,Tfh,805,TTTGTCAGTTGGTAAA-1
806,Tfh,806,GCGACCATCCGAAGAG-2
807,Tfh,807,TACAGTGCATGTTCCC-2
808,Th17,808,GACGTTACAGCATGAG-3
809,Th2,809,CCACCTACATCGTCGG-2
810,Tfh,810,CGTAGGCTCGAGGTAG-2
811,Th2,811,CTGTTTAAGATCGGGT-2
812,CD4Tn,812,TTCTACAAGAAACCAT-2
813,Th17,813,CGATTGAGTCAATGTC-3
814,CD4Tn,814,TTGACTTCATAGAAAC-3
815,Th17,815,CACATAGGTGTTTGTG-3
816,Th17,816,TGCCCATGTCTCTCTG-3
817,Tfh,817,ATTGGTGCATCATCCC-2
818,Tfh,818,CGACCTTGTAAACCTC-2
819,Tfh,819,ACGATGTAGCTGCGAA-1
820,Tfh,820,GGAGCAAAGAATTCCC-2
821,Tfh,821,CTAGCCTAGGGTTTCT-2
822,Tfh,822,CGAGCACTCTGCCAGG-2
823,Th17,823,GGACGTCCAGGGTACA-3
824,Tfh,824,TGACGGCAGGGTGTTG-2
825,Th2,825,GGACGTCAGTTAGCGG-1
826,Th17,826,CAACTAGTCAACGCTA-2
827,CD4Tn,827,ACGAGGAAGTGGTAGC-2
828,CD4Tn,828,CTAATGGCAATGGACG-1
829,Tfh,829,TGGTTCCTCTCCAACC-1
830,Tfh,830,GCATGATTCGGGAGTA-2
831,Tfh,831,GGAACTTCAATCGAAA-2
832,Th17,832,CGGAGTCTCGTCTGCT-2
833,Th2,833,CCTTTCTGTAATAGCA-1
834,Th2,834,CCAGCGAAGATCTGCT-1
835,CD4Tn,835,CGCTATCTCCTACAGA-1
836,Th17,836,ACGCAGCCATTGAGCT-3
837,CD4Tn,837,ATGGGAGCAAACCCAT-1
838,Tfh,838,GGACAAGCAGCGAACA-2
839,CD4Tn,839,CACAGTATCTGTACGA-3
840,CD4Tn,840,GTCACGGCACCTCGGA-3
841,Th2,841,CGATGGCGTCCGTTAA-1
842,Tfh,842,AGCGTCGCAGTATAAG-1
843,Th17,843,CTGGTCTTCCTACAGA-3
844,CD4Tn,844,CTCGTACGTCCCTTGT-3
845,Th17,845,GTTCTCGCAGGTCTCG-3
846,CD4Tn,846,ACATGGTGTTTGCATG-2
847,Tfh,847,CCTACCAGTGGCAAAC-1
848,CD4Tn,848,ATTGGTGGTTATGCGT-1
849,Tfh,849,CTGATAGGTACTCAAC-3
850,Tfh,850,CCGGGATAGACAGAGA-1
851,Tfh,851,CAAGATCGTAACGACG-3
852,Th2,852,CTGTGCTCAGCGATCC-1
853,Tfh,853,GGCCGATAGATATGCA-3
854,CD4Tn,854,CTCTACGTCAACGGGA-2
855,Tfh,855,CCGTTCACATTCCTCG-1
856,Tfh,856,TGGGCGTGTGAACCTT-3
857,Tfh,857,TACTCATTCCAGAGGA-1
858,Th17,858,GTCTTCGCAAGCCCAC-3
859,CD4Tn,859,TGAAAGACAGCTTAAC-1
860,Tfh,860,TGTTCCGGTTAGAACA-2
861,Th2,861,CGAATGTCACTGAAGG-1
862,Tfh,862,CTTCTCTTCAGTCCCT-2
863,Tfh,863,TTATGCTCATGTCGAT-1
864,Tfh,864,CGGAGCTCATCCGTGG-3
865,CD4Tn,865,TGGACGCCACCTGGTG-1
866,Th2,866,CTACACCCAACGATCT-1
867,CD4Tn,867,CTGCCTATCGACGGAA-2
868,Tfh,868,CGTAGCGAGTCTCGGC-2
869,Th2,869,GTAACGTGTGCTAGCC-2
870,Tfh,870,TTTACTGCACAAGCCC-3
871,Th17,871,ACACCAAGTGGCAAAC-1
872,Th17,872,AGTGGGAAGAGAACAG-3
873,Tfh,873,TGACTTTAGTGTGGCA-1
874,Tfh,874,CGCCAAGCACGGTGTC-1
875,Th17,875,AAGGAGCTCTGTCCGT-3
876,CD4Tn,876,CAACTAGTCGCTGATA-2
877,Th17,877,TTCTCAATCAGCTTAG-2
878,Tfh,878,TCAGCAATCCGCATAA-2
879,Th2,879,AGATTGCCACGCTTTC-2
880,Tfh,880,TACGGGCGTTGGGACA-2
881,Tfh,881,GGGCACTCAAGCCCAC-2
882,Tfh,882,GGTGAAGGTCACTTCC-1
883,Tfh,883,CATCAGAGTATAATGG-1
884,Th17,884,CACACTCGTCTGCAAT-3
885,Th17,885,GCATGCGGTCTCTCGT-3
886,Th17,886,AATCCAGTCCAGAGGA-3
887,Tfh,887,GGAGCAAAGTCAAGGC-1
888,Tfh,888,TTCCCAGGTGTTGAGG-2
889,Tfh,889,ACGATGTGTCATGCAT-2
890,CD4Tn,890,TTTGGTTGTATGGTTC-2
891,Tfh,891,ACTGATGGTACTTAGC-2
892,Tfh,892,ACTTACTCACCTCGGA-2
893,Tfh,893,CGTGAGCAGGTACTCT-2
894,Tfh,894,TCTCTAACAGTCTTCC-1
895,Th2,895,CGGCTAGAGCTTATCG-2
896,Tfh,896,CACAAACAGATCACGG-1
897,Tfh,897,GATCTAGGTGGTCTCG-1
898,CD4Tn,898,GGGAATGAGGGCACTA-1
899,Tfh,899,CGAACATCACGGTAAG-1
900,Tfh,900,GGGTTGCTCTGCCCTA-1
